songid,song_title,song_singer,song_album,song_position,song_dig,song_country,song_year,song_bpm,song_duration,genre,danceability,energy,key,loudness,mode,speechiness,acousticness,instrumentalness,liveness,valence,tempo,popularity
7HB3OUMUrZDdS0XnQ9h8Wr,Gulliver,Kang Seung Yoon,Street Man Fighter (SMF) Original Vol.2 (OST),1,1,Brunei Darussalam,2022,126,183636,K-Pop,0.635,0.736,9,-4.887,1,0.0411,0.0811,0,0.232,0.407,125.988,32
7qiZfU4dY1lWllzX7mPBI3,Shape of You,Ed Sheeran,÷,2,1,Brunei Darussalam,2017,96,233713,Pop,0.825,0.652,1,-3.183,0,0.0802,0.581,0,0.0931,0.931,95.977,86
7BKLCZ1jbUBVqRi2FVlTVw,Closer (feat. Halsey),The Chainsmokers,Collage,3,1,Brunei Darussalam,2016,95,244960,Electropop,0.748,0.524,8,-5.599,1,0.0338,0.414,0,0.111,0.661,95.01,84
0tgVpDi06FyKpA1z0VMD4v,Perfect,Ed Sheeran,÷,4,1,Brunei Darussalam,2017,95,263400,Pop,0.599,0.448,8,-6.312,1,0.0232,0.163,0,0.106,0.168,95.05,86
2JzZzZUQj3Qff7wapcbKjc,See You Again (feat. Charlie Puth),Wiz Khalifa,Furious 7: Original Motion Picture Soundtrack and Nine Track Mind (International Bonus Tracks),5,1,Brunei Darussalam,2015,80,229526,Pop Rap,0.689,0.481,10,-7.503,1,0.0815,0.369,1.03E-06,0.0649,0.283,80.025,81
3U4isOIWM3VvDubwSI3y7a,All of Me,John Legend,Love in the Future,6,1,Brunei Darussalam,2013,120,183636,RnB/Soul,0.635,0.736,9,-4.887,1,0.0411,0.0811,0,0.232,0.407,125.988,85
7EyhPjrJzjx0fk2i7vUJCS,Pink Venom,BLACKPINK,Born Pink,7,1,Brunei Darussalam,2022,90,186964,K-Pop,0.794,0.719,0,-7.227,1,0.0761,0.0119,0,0.276,0.69,90.016,86
1vnnXMrBeEWiRg3YCMCjQq,Despacito (feat. Justin Bieber) [Remix],Luis Fonsi and Daddy Yankee,Vida,8,1,Brunei Darussalam,2017,89,228827,Reggaeton,0.653,0.816,2,-4.353,1,0.167,0.228,0,0.0967,0.816,178.085,73
06KyNuuMOX1ROXRhj787tj,We Don’t Talk Anymore (feat. Selena Gomez),Charlie Puth,Nine Track Mind,9,1,Brunei Darussalam,2016,100,217707,Pop,0.728,0.563,1,-8.053,0,0.134,0.621,0,0.179,0.352,100.017,69
0Cy7wt6IlRfBPHXXjmZbcP,Love Me Like You Do,Ellie Goulding,Fifty Shades of Grey: Original Motion Picture Soundtrack,10,1,Brunei Darussalam,2015,95,253520,Electropop,0.489,0.597,5,-6.633,0,0.0292,0.27,0,0.105,0.324,95.012,79
1Yk0cQdMLx5RzzFTYwmuld,Hello,Adele,25,11,1,Brunei Darussalam,2015,79,295502,RnB/Soul,0.578,0.43,5,-6.134,0,0.0305,0.33,0,0.0854,0.288,78.991,72
5uCax9HTNlzGybIStD3vDh,Say You Won't Let Go,James Arthur,Back from the Edge,12,1,Brunei Darussalam,2016,85,211467,Pop,0.358,0.557,10,-7.398,1,0.059,0.695,0,0.0902,0.494,85.043,85
1JxoK0EU5SHupbXjSwYaN7,Cinta Luar Biasa,Andmesh,Cinta Luar Biasa,13,1,Brunei Darussalam,2019,136,255563,Pop,0.581,0.232,9,-11.863,1,0.0309,0.812,0,0.1,0.317,135.889,60
6RUKPb4LETWmmr3iAEQktW,Something Just Like This,The Chainsmokers and Coldplay,Memories...Do Not Open and Kaleidoscope EP,14,1,Brunei Darussalam,2017,103,247160,Electropop,0.617,0.635,11,-6.769,0,0.0317,0.0498,1.44E-05,0.164,0.446,103.019,84
3Rd26vmVdjxcSxWrYqsHzx,Senyum,Aziz Harun,Senyum (Single),15,1,Brunei Darussalam,2014,103,217602,Pop,0.741,0.749,10,-6.086,1,0.0333,0.24,0,0.0801,0.785,102.995,38
37R0bQOQj5a7DOqh1TGzvB,One Call Away,Charlie Puth,Nine Track Mind,16,1,Brunei Darussalam,2016,91,194453,Pop,0.667,0.613,1,-5.353,1,0.0344,0.403,0,0.115,0.47,91.024,66
3Txcx4jhuiTZSvhAL0WaRc,Crush (feat. Usher),Yuna,Chapters,17,1,Brunei Darussalam,2016,130,247160,RnB/Soul,0.617,0.635,11,-6.769,0,0.0317,0.0498,1.44E-05,0.164,0.446,103.019,58
5knuzwU65gJK7IF5yJsuaW,Rockabye (feat. Sean Paul and Anne-Marie),Clean Bandit,What Is Love? And Speak Your Mind,18,1,Brunei Darussalam,2016,102,251088,Electropop,0.72,0.763,9,-4.068,0,0.0523,0.406,0,0.18,0.742,101.965,75
0TK2YIli7K1leLovkQiNik,Señorita,Shawn Mendes and Camila Cabello,Shawn Mendes and Romance,19,1,Brunei Darussalam,2019,117,190960,Pop,0.759,0.54,9,-6.039,0,0.0287,0.037,0,0.0945,0.75,116.947,81
1u8c2t2Cy7UBoG4ArRcF5g,Blank Space,Taylor Swift,1989,20,1,Brunei Darussalam,2014,96,231827,Pop,0.76,0.703,5,-5.412,1,0.054,0.103,0,0.0913,0.57,95.997,75
0azC730Exh71aQlOt9Zj3y,This Is What You Came For,Calvin Harris and Rihanna,This Is What You Came For (Single),21,1,Brunei Darussalam,2016,124,222160,EDM,0.631,0.927,9,-2.787,0,0.0332,0.199,0.119,0.148,0.465,123.962,81
1kTrfxvXJotKftwXgWu1tG,Beautiful,Aziz Harun,Beautiful (Single),22,1,Brunei Darussalam,2015,90,219811,Pop,0.708,0.733,2,-4.753,1,0.038,0.126,0,0.276,0.752,89.982,36
5cF0dROlMOK5uNZtivgu50,Attention,Charlie Puth,Voicenotes,23,1,Brunei Darussalam,2018,100,208787,Pop,0.775,0.613,3,-4.586,0,0.0542,0.109,2.33E-05,0.134,0.797,100.066,82
23pbkFDEBcmsaGkDqW2iDC,Setia (feat. Faizal Tahir),Elizabeth Tan,Setia (feat. Faizal Tahir) (Single),24,1,Brunei Darussalam,2015,144,222215,Pop,0.495,0.446,3,-6.889,1,0.0285,0.561,3.04E-06,0.142,0.345,143.979,42
6lanRgr6wXibZr8KgzXxBl,A Thousand Years,Christina Perri,The Twilight Saga: Breaking Dawn — Part 1: Original Motion Picture Soundtrack,25,1,Brunei Darussalam,2011,139,285120,Pop,0.421,0.407,10,-7.445,1,0.0267,0.309,0.000961,0.11,0.161,139.028,80
6KHL1En9v6iNWjcs44mcmU,Secret Love Song (feat. Jason Derulo),Little Mix,Get Weird,26,1,Brunei Darussalam,2015,93,249810,RnB/Soul,0.529,0.614,9,-5.032,1,0.0479,0.215,0,0.277,0.141,92.972,78
5o6StwqqVfG3vRLx8UP310,Surat Cinta Untuk Starla,Virgoun,Surat Cinta Untuk Starla,27,1,Brunei Darussalam,2016,144,308037,Pop,0.671,0.417,11,-8.709,1,0.208,0.665,0,0.349,0.492,143.929,64
0nJW01T7XtvILxQgC5J7Wh,When I Was Your Man,Bruno Mars,Unorthodox Jukebox,28,1,Brunei Darussalam,2012,73,213827,Pop,0.612,0.28,0,-8.648,1,0.0434,0.932,0,0.088,0.387,72.795,85
2wLpTF8xnsSHDpFGeV43DT,Hanya Rindu,Andmesh,Cinta Luar Biasa,29,1,Brunei Darussalam,2019,89,251975,Pop,0.285,0.162,7,-12.226,1,0.0347,0.888,0,0.113,0.2,178.754,58
0KKkJNfGyhkQ5aFogxQAPU,That’s What I Like,Bruno Mars,24K Magic,30,1,Brunei Darussalam,2016,134,206693,RnB/Soul,0.853,0.56,1,-4.961,1,0.0406,0.013,0,0.0944,0.86,134.066,82
7vRriwrloYVaoAe3a9wJHe,"i hate u, i love u (feat. Olivia O’Brien)",gnash,Us,31,1,Brunei Darussalam,2016,93,251034,Alternative/Indie,0.492,0.275,6,-13.4,0,0.3,0.687,0,0.101,0.18,92.6,78
5aErufES0TkxM2HE9SrzW9,Sudah Ku Tahu,Projector Band,Setia Menantimu,32,1,Brunei Darussalam,2016,140,258332,Pop Rock,0.522,0.677,9,-3.688,0,0.0267,0.135,0.000144,0.127,0.267,139.921,48
2TRFeXP9DIXV1gp5vFvLSD,Jangan,Aziz Harun,Jangan (Single),33,1,Brunei Darussalam,2017,93,219115,Pop,0.66,0.603,8,-5.582,1,0.0283,0.722,0,0.109,0.585,93.076,41
0lYBSQXN6rCTvUZvg9S0lU,Let Me Love You (feat. Justin Bieber),DJ Snake,Encore,34,1,Brunei Darussalam,2016,100,205947,EDM,0.649,0.716,8,-5.371,1,0.0349,0.0863,2.63E-05,0.135,0.163,99.988,83
5x9uAWpQ0qj8V61xckw6TV,Cold Water (feat. Justin Bieber and MØ),Major Lazer,Cold Water,35,1,Brunei Darussalam,2016,93,185352,Electropop,0.608,0.798,6,-5.092,0,0.0432,0.0736,0,0.156,0.501,92.943,68
1PWnAEQcbwQwK759otUbta,Writing's On the Wall,Sam Smith,Writing's On the Wall (Single),36,1,Brunei Darussalam,2015,81,278987,RnB/Soul,0.261,0.302,5,-8.19,0,0.0339,0.769,2.57E-06,0.0863,0.0883,81.418,66
7MXVkk9YMctZqd1Srtv4MB,Starboy (feat. Daft Punk),The Weeknd,Starboy,37,1,Brunei Darussalam,2016,93,230453,RnB/Soul,0.679,0.587,7,-7.015,1,0.276,0.141,6.35E-06,0.137,0.486,186.003,87
44ONERBHALxftQNWq6dmyd,Side To Side (feat. Nicki Minaj),Ariana Grande,Dangerous Woman,38,1,Brunei Darussalam,2016,159,226160,Pop Rap,0.65,0.739,6,-5.84,0,0.229,0.0513,0,0.235,0.612,159.174,62
1cKm6kQLMhc7N3mHS238fk,Tetap Dalam Jiwa,Isyana Sarasvati,Explore!,39,1,Brunei Darussalam,2015,120,209293,Pop,0.644,0.438,1,-6.186,1,0.0279,0.722,0,0.107,0.179,120.018,62
3e7sxremeOE3wTySiOhGiP,Dusk Till Dawn (feat. Sia),ZAYN,Icarus Falls,40,1,Brunei Darussalam,2018,90,239000,Pop,0.259,0.437,11,-6.589,0,0.0386,0.102,1.32E-06,0.106,0.0951,180.042,79
69vToJ9BMbbLlFZo7k7A7B,You Are the Reason,Calum Scott,Only Human,41,1,Brunei Darussalam,2018,171,204326,Pop,0.329,0.235,10,-7.699,1,0.0303,0.918,0.00E+00,0.137,0.22,171.006,80
0eXb8Kgkm9UcMMQPIxk3wE,Girls Like You (feat. Cardi B),Maroon 5,Red Pill Blues,42,1,Brunei Darussalam,2018,125,235545,Pop Rap,0.851,0.541,0,-6.825,1,0.0505,0.568,0.00E+00,0.13,0.448,124.959,67
1HNkqx9Ahdgi1Ixy2xkKkL,Photograph,Ed Sheeran,×,43,1,Brunei Darussalam,2014,108,258987,Pop,0.614,0.379,4,-10.48,1,0.0476,0.607,0.000464,0.0986,0.201,107.989,84
1ZlK076alc2pT8KuFUgzTL,Tertulis,Ezah Hashim,Tertulis (Single),44,1,Brunei Darussalam,2019,126,278095,Pop,0.543,0.411,3,-7.25,0,0.0299,0.848,0,0.105,0.349,125.799,15
1mKXFLRA179hdOWQBwUk9e,Just Give Me a Reason (feat. Nate Ruess),P!nk,Truth About Love,45,1,Brunei Darussalam,2012,95,242733,Pop Rock,0.788,0.547,2,-7.273,1,0.0489,0.346,0.000302,0.132,0.441,95.002,80
4VrWlk8IQxevMvERoX08iC,Chandelier,Sia,Voices,46,1,Brunei Darussalam,2015,117,216120,Electropop,0.399,0.787,1,-2.88,1,0.0499,0.0197,6.07E-05,0.0685,0.572,117.089,70
6rB2whUL8s2Kt3wIxsnCGf,Kasmaran,Jaz,Dinamika,47,1,Brunei Darussalam,2017,98,242390,Pop,0.68,0.488,1,-6.82,1,0.0277,0.698,0,0.183,0.581,97.971,52
5kqIPrATaCc2LqxVWzQGbk,7 Years,Lukas Graham,Lukas Graham (Blue Album),48,1,Brunei Darussalam,2016,120,237300,Pop,0.765,0.473,10,-5.829,1,0.0514,0.287,0,0.391,0.34,119.992,80
0cqRj7pUJDkTCEsJkx8snD,Shake It Off,Taylor Swift,1989,49,1,Brunei Darussalam,2014,160,219200,Pop,0.647,0.8,7,-5.384,1,0.165,0.0647,0,0.334,0.942,160.078,73
6Vc5wAMmXdKIAM7WUoEb7N,Say Something,A Great Big World and Christina Aguilera,Is There Anybody Out There?,50,1,Brunei Darussalam,2014,141,229400,Pop,0.407,0.147,2,-8.822,1,0.0355,0.857,2.89E-06,0.0913,0.0765,141.284,74
4pGMgJuGSteBoRtMWAoELk,Hcoin to the Moon,Miles Guo,Hcoin to the Moon (Single),1,1,Cambodia,2021,95,219798,C-Pop,0.598,0.836,10,-5.001,1,0.0363,0.0132,0,0.129,0.469,94.98,20
7EyhPjrJzjx0fk2i7vUJCS,Pink Venom,BLACKPINK,Born Pink,2,1,Cambodia,2022,90,186964,K-Pop,0.794,0.719,0,-7.227,1,0.0761,0.0119,0,0.276,0.69,90.016,86
7BKLCZ1jbUBVqRi2FVlTVw,Closer (feat. Halsey),The Chainsmokers,Collage,3,1,Cambodia,2016,95,244960,Electropop,0.748,0.524,8,-5.599,1,0.0338,0.414,0,0.111,0.661,95.01,84
06KyNuuMOX1ROXRhj787tj,We Don’t Talk Anymore (feat. Selena Gomez),Charlie Puth,Nine Track Mind,4,1,Cambodia,2016,100,217707,Pop,0.728,0.563,1,-8.053,0,0.134,0.621,0,0.179,0.352,100.017,69
698ItKASDavgwZ3WjaWjtz,Faded,Alan Walker,Different World,5,1,Cambodia,2018,90,212107,EDM,0.468,0.627,6,-5.085,1,0.0476,0.0281,7.97E-06,0.11,0.159,179.642,78
37R0bQOQj5a7DOqh1TGzvB,One Call Away,Charlie Puth,Nine Track Mind,6,1,Cambodia,2016,91,194453,Pop,0.667,0.613,1,-5.353,1,0.0344,0.403,0,0.115,0.47,91.024,66
0EMVmmhunanYzRRADWG6VU,Dtat phaaw,Koh Niphon,Dtat phaaw,7,1,Cambodia,2015,140,264013,Pop,0.591,0.529,2,-7.103,1,0.0467,0.611,0,0.113,0.384,139.781,30
2JzZzZUQj3Qff7wapcbKjc,See You Again (feat. Charlie Puth),Wiz Khalifa,Furious 7: Original Motion Picture Soundtrack and Nine Track Mind (International Bonus Tracks),8,1,Cambodia,2015,80,229526,Pop Rap,0.689,0.481,10,-7.503,1,0.0815,0.369,1.03E-06,0.0649,0.283,80.025,81
2ECKb7qon8O81osqbLVBTm,The Terminator Snow,Miles Guo,The Terminator Snow (Single),9,1,Cambodia,2022,120,196000,C-Pop,0.587,0.71,11,-6.675,0,0.0667,0.000309,2.29E-05,0.439,0.475,119.92,21
3vv9phIu6Y1vX3jcqaGz5Z,Roses (feat. ROZES),The Chainsmokers,Bouquet,10,1,Cambodia,2015,100,225813,Electropop,0.718,0.808,4,-7.652,1,0.0473,0.0299,4.14E-03,0.225,0.309,100.033,60
6LO6PzA7SGhWfOZPPhdCyd,Chained Dream,Miles Guo,Chained Dream,11,1,Cambodia,2022,75,273151,C-Pop,0.514,0.534,0,-7.087,1,0.0276,0.0581,0.00E+00,0.11,0.138,74.896,23
0tgVpDi06FyKpA1z0VMD4v,Perfect,Ed Sheeran,÷,12,1,Cambodia,2017,95,263400,Pop,0.599,0.448,8,-6.312,1,0.0232,0.163,0,0.106,0.168,95.05,86
5kqIPrATaCc2LqxVWzQGbk,7 Years,Lukas Graham,Lukas Graham (Blue Album),13,1,Cambodia,2016,120,237300,Pop,0.765,0.473,10,-5.829,1,0.0514,0.287,0,0.391,0.34,119.992,80
5x9uAWpQ0qj8V61xckw6TV,Cold Water (feat. Justin Bieber and MØ),Major Lazer,Cold Water,14,1,Cambodia,2016,93,185352,Electropop,0.608,0.798,6,-5.092,0,0.0432,0.0736,0,0.156,0.501,92.943,68
1Yk0cQdMLx5RzzFTYwmuld,Hello,Adele,25,15,1,Cambodia,2015,79,295502,RnB/Soul,0.578,0.43,5,-6.134,0,0.0305,0.33,0,0.0854,0.288,78.991,72
7qiZfU4dY1lWllzX7mPBI3,Shape of You,Ed Sheeran,÷,16,1,Cambodia,2017,96,233713,Pop,0.825,0.652,1,-3.183,0,0.0802,0.581,0,0.0931,0.931,95.977,86
0azC730Exh71aQlOt9Zj3y,This Is What You Came For,Calvin Harris and Rihanna,This Is What You Came For (Single),17,1,Cambodia,2016,124,222160,EDM,0.631,0.927,9,-2.787,0,0.0332,0.199,0.119,0.148,0.465,123.962,81
5yR9bGLr8Zz2EndMrthui1,Ring,TOMORROW X TOGETHER,Ring,18,1,Cambodia,2022,129,207213,K-Pop,0.448,0.742,7,-4.975,1,0.0629,0.0178,0,0.0377,0.472,129.346,64
7vRriwrloYVaoAe3a9wJHe,"i hate u, i love u (feat. Olivia O’Brien)",gnash,Us,19,1,Cambodia,2016,93,251034,Alternative/Indie,0.492,0.275,6,-13.4,0,0.3,0.687,0,0.101,0.18,92.6,78
3rKYiySCDMUKTw5kGVVhaa,Marvin Gaye (feat. Meghan Trainor),Charlie Puth,Nine Track Mind,20,1,Cambodia,2016,110,190453,Pop,0.795,0.616,1,-5.281,0,0.06,0.417,0,0.349,0.815,110.015,59
1u8c2t2Cy7UBoG4ArRcF5g,Blank Space,Taylor Swift,1989,21,1,Cambodia,2014,96,231827,Pop,0.76,0.703,5,-5.412,1,0.054,0.103,0,0.0913,0.57,95.997,75
5cF0dROlMOK5uNZtivgu50,Attention,Charlie Puth,Voicenotes,22,1,Cambodia,2018,100,208787,Pop,0.775,0.613,3,-4.586,0,0.0542,0.109,2.33E-05,0.134,0.797,100.066,82
0Cy7wt6IlRfBPHXXjmZbcP,Love Me Like You Do,Ellie Goulding,Fifty Shades of Grey: Original Motion Picture Soundtrack,23,1,Cambodia,2015,95,253520,Electropop,0.489,0.597,5,-6.633,0,0.0292,0.27,0,0.105,0.324,95.012,79
0nJW01T7XtvILxQgC5J7Wh,When I Was Your Man,Bruno Mars,Unorthodox Jukebox,24,1,Cambodia,2012,73,213827,Pop,0.612,0.28,0,-8.648,1,0.0434,0.932,0,0.088,0.387,72.795,85
2aTKrdenCq5qBOoJPFdn4P,Here's Your Perfect,Jamie Miller,Here's Your Perfect (Single),25,1,Cambodia,2021,113,158594,Pop,0.558,0.454,6,-5.335,1,0.0551,0.499,0,0.146,0.424,113.12,79
7xapw9Oy21WpfEcib2ErSA,Mistletoe,Justin Bieber,Under the Mistletoe,26,1,Cambodia,2011,162,182947,Pop,0.657,0.56,6,-9.049,0,0.0467,0.498,0,0.0794,0.854,161.993,60
2Fjz5ZC5BvFdCqcnTZ3ilH,Sing Me to Sleep,Alan Walker,Different World,27,1,Cambodia,2018,88,189333,EDM,0.491,0.607,4,-6.333,0,0.0668,0.0125,1.52E-06,0.289,0.166,176.112,66
1RGU5csGtjdSCwY3Xi0IDX,SOLO AGAIN,VannDa,SOLO AGAIN,28,1,Cambodia,2022,112,236630,Hip-Hop/Rap,0.788,0.777,4,-5.315,0,0.0335,0.0868,0,0.308,0.476,112.005,36
0TK2YIli7K1leLovkQiNik,Señorita,Shawn Mendes and Camila Cabello,Shawn Mendes and Romance,29,1,Cambodia,2019,117,190960,Pop,0.759,0.54,9,-6.039,0,0.0287,0.037,0,0.0945,0.75,116.947,81
6lanRgr6wXibZr8KgzXxBl,A Thousand Years,Christina Perri,The Twilight Saga: Breaking Dawn — Part 1: Original Motion Picture Soundtrack,30,1,Cambodia,2011,139,285120,Pop,0.421,0.407,10,-7.445,1,0.0267,0.309,0.000961,0.11,0.161,139.028,80
08S3ZWJ13XuggbMEwK0iS9,Young Man (feat. OG BOBBY),VannDa,SKULL 2 (SEASON 1),31,1,Cambodia,2022,160,246000,Hip-Hop/Rap,0.849,0.731,2,-4.911,1,0.22,0.0433,0,0.0821,0.742,160.079,43
0vbtURX4qv1l7besfwmnD8, I Took a Pill in Ibiza (Seeb Remix),Mike Posner,"At Night, Alone.",32,1,Cambodia,2016,102,197933,EDM,0.664,0.714,7,-6.645,0,0.111,0.0353,8.42E-06,0.0843,0.71,101.969,73
1R0hxCA5R7z5TiaXBZR7Mf,SOLO,JENNIE (from BLACKPINK),SOLO (Single),33,1,Cambodia,2018,95,169567,K-Pop,0.752,0.642,3,-5.165,0,0.0869,0.0861,0,0.0953,0.388,95.043,71
0lYBSQXN6rCTvUZvg9S0lU,Let Me Love You (feat. Justin Bieber),DJ Snake,Encore,34,1,Cambodia,2016,100,205947,EDM,0.649,0.716,8,-5.371,1,0.0349,0.0863,2.63E-05,0.135,0.163,99.988,83
5d6Mjuu2uCGRPYpFjGpCX5,Sugar,Maroon 5,V,35,1,Cambodia,2014,120,235493,Pop,0.748,0.788,1,-7.055,1,0.0334,0.0591,0,0.0863,0.884,120.076,80
4P4EHO59nqR5B23QN4sGtR,Khat jai,Colorpitch,Khat jai,36,1,Cambodia,2014,136,226377,Pop,0.707,0.635,7,-6.162,1,0.0444,0.75,0,0.116,0.435,135.997,41
6bvZRLLkBKkmgpBJTTj3QK,How You Like That,BLACKPINK,The Album,37,1,Cambodia,2020,130,180956,K-Pop,0.813,0.787,11,-4.254,1,0.0777,0.0452,0.000107,0.0506,0.326,130.018,77
3XYRV7ZSHqIRDG87DKTtry,Permission to Dance,BTS,Permission to Dance (Single),38,1,Cambodia,2021,125,187585,K-Pop,0.702,0.741,9,-5.33,1,0.0427,0.00544,0,0.337,0.646,124.925,82
3wlLknnMtD8yZ0pCtCeeK4,Angel Baby,Troye Sivan,Angel Baby (Single),39,1,Cambodia,2021,72,220780,Pop,0.559,0.559,11,-6.425,1,0.0358,0.0145,0,0.138,0.338,72.498,82
0PDUDa38GO8lMxLCRc4lL1,PILLOWTALK,ZAYN,Mind of Mine,40,1,Cambodia,2016,125,202747,Pop,0.584,0.7,11,-4.275,1,0.0456,0.117,0,0.0939,0.438,124.944,77
0fSczo4Y8MSQakvfyfxrki,Catch Me If You Can,VannDa,SKULL 2 (SEASON 1),41,1,Cambodia,2022,174,342456,Hip-Hop/Rap,0.71,0.648,1,-6.978,1,0.0865,0.011,1.02E-05,0.232,0.344,174.031,39
0ri0Han4IRJhzvERHOZTMr,At My Worst,Pink Sweat$,PINK PLANET,42,1,Cambodia,2021,92,170345,RnB/Soul,0.813,0.415,0,-5.926,1,0.0349,0.777,0,0.131,0.667,91.921,75
72TFWvU3wUYdUuxejTTIzt,Work (feat. Drake),Rihanna,Anti,43,1,Cambodia,2016,92,219320,Pop Rap,0.725,0.534,11,-6.238,1,0.0946,0.0752,0,0.0919,0.558,91.974,75
5QDLhrAOJJdNAmCTJ8xMyW,Dynamite,BTS,Be,44,1,Cambodia,2020,114,199054,K-Pop,0.746,0.765,6,-4.41,0,0.0993,0.0112,0,0.0936,0.737,114.044,86
3FeVmId7tL5YN8B7R3imoM,My Universe,Coldplay X BTS,Music of the Spheres,45,1,Cambodia,2021,105,228000,Alternative/Indie,0.588,0.701,9,-6.39,1,0.0402,0.00813,0,0.2,0.443,104.988,83
7rdnB5DAyPbaj51TCQRcqW,It's You,Sezairi ,Undertones,46,1,Cambodia,2018,138,251440,Pop,0.63,0.456,8,-8.285,1,0.0317,0.545,0,0.114,0.166,137.915,73
41L3O37CECZt3N7ziG2z7l,Yummy,Justin Bieber,Changes,47,1,Cambodia,2020,146,210427,Pop,0.687,0.514,9,-6.612,0,0.0897,0.366,0,0.116,0.494,145.921,70
1P17dC1amhFzptugyAO7Il,Look What You Made Me Do,Taylor Swift,Reputation,48,1,Cambodia,2017,128,211853,Pop,0.766,0.709,9,-6.471,0,0.123,0.204,1.41E-05,0.126,0.506,128.07,78
0Er6zZgQWt5DLnyozsmAXL,How's It Taste?,VannDa,SKULL 2 (SEASON 1),49,1,Cambodia,2022,127,248032,Hip-Hop/Rap,0.675,0.76,7,-6.436,0,0.0315,0.000963,5.89E-05,0.0835,0.4,127.043,40
6n2QOmyioHfAqwwAh5xZHK,That Girl,Olly Murs,24 Hrs,50,1,Cambodia,2016,89,176747,Pop,0.567,0.771,10,-4.532,0,0.0409,0.0125,0,0.353,0.59,178.065,58
7EyhPjrJzjx0fk2i7vUJCS,Pink Venom,BLACKPINK,Born Pink,1,1,Indonesia,2022,90,186964,K-Pop,0.794,0.719,0,-7.227,1,0.0761,0.0119,0,0.276,0.69,90.016,86
5fDCy4Hse30ZsjaTUGKVh5,Sang Dewi,Lyodra and Andi Rianto,Sang Dewi,2,1,Indonesia,2022,82,247994,Pop,0.339,0.58,6,-5.426,1,0.0319,0.554,2.15E-05,0.421,0.319,81.857,76
3HlV3eW5V1nmql7xFIkYn8,Nap Fairy,YERI and SAM KIM,Nap Fairy (Single),3,1,Indonesia,2022,95,216453,K-Pop,0.585,0.658,3,-4.833,1,0.0317,0.395,0.00E+00,0.162,0.683,94.962,45
0mBP9X2gPCuapvpZ7TGDk3,Left and Right,Charlie Puth and Jung Kook,CHARLIE,4,1,Indonesia,2022,101,154487,Pop,0.881,0.592,2,-4.898,1,0.0324,0.619,1.32E-05,0.0901,0.719,101.058,94
6xGruZOHLs39ZbVccQTuPZ,Glimpse of Us,Joji,Glimpse of Us (Single),5,1,Indonesia,2022,170,233456,RnB/Soul,0.44,0.317,8,-9.258,1,0.0531,0.891,4.78E-06,0.141,0.268,169.914,96
4h9wh7iOZ0GGn8QVp4RAOB,I Ain't Worried,OneRepublic,Top Gun: Maverick,6,1,Indonesia,2022,140,148486,Pop Rock,0.704,0.797,0,-5.927,1,0.0475,0.0826,0.000745,0.0546,0.825,139.994,93
5fFVy5lNikE6Gls8qKLS5L,Be With You,Akon,Freedom,7,1,Indonesia,2008,174,231013,RnB/Soul,0.761,0.741,9,-7.541,1,0.0463,0.0853,1.95E-05,0.0656,0.694,87.005,46
1gH1h30wkQdd9zhY3j7a8T,THE SHADE,Rex Orange County,Who Cares?,8,1,Indonesia,2022,120,181507,Alternative/Indie,0.898,0.509,5,-7.973,1,0.062,0.391,0.00E+00,0.0876,0.727,119.869,86
2gYj9lubBorOPIVWsTXugG,After LIKE,IVE,After LIKE (Single),9,1,Indonesia,2022,125,176973,K-Pop,0.68,0.922,0,-1.215,1,0.121,0.103,0.00E+00,0.0877,0.799,125.014,85
0mMqopQJOWADJSPRMYkvTF,Dunia Tipu-Tipu,Yura Yunita,Tutur Batin,10,1,Indonesia,2021,112,218735,Pop,0.48,0.325,1,-8.513,1,0.0354,0.907,1.52E-05,0.112,0.619,111.774,75
5rbuv6zso7QSaKt265H3M3,Ojo Dibandingke,Farel Prayoga,Ojo Dibandingke (Single),11,1,Indonesia,2022,130,328625,Dangdut,0.636,0.441,5,-12.394,1,0.027,0.244,1.30E-03,0.093,0.578,130.056,67
3TFdXrYIubXABQh0CxIiSs,Asmalibrasi,Soegi Bornean,Atma,12,1,Indonesia,2019,140,254862,Alternative/Indie,0.721,0.565,4,-6.208,1,0.0292,0.855,5.48E-06,0.0973,0.794,139.941,62
5rbuv6zso7QSaKt265H3M3,High School in Jakarta,NIKI ,Nicole,13,1,Indonesia,2022,120,219036,RnB/Soul,0.871,0.485,7,-8.294,0,0.0411,0.527,7.37E-05,0.169,0.494,119.976,77
1b0aDgrG775i4sPQgJGmkU,Tak Ingin Usai,Keisya Levronka,Tak Ingin Usai (Single),14,1,Indonesia,2022,130,278500,Pop,0.49,0.398,0,-7.712,1,0.0266,0.815,0.000187,0.114,0.136,129.772,83
6gB7kLGZNkf5tkvWkzSGKR,Kisah Sempurna,Mahalini,Kisah Sempurna (Single),15,1,Indonesia,2022,122,276019,Pop,0.537,0.486,11,-8.521,1,0.0336,0.51,1.65E-05,0.0817,0.0861,122.099,79
7up4SX2l8FAnisrUXoGupd,Wish You Were Here (feat. Khalid),Lukas Graham,Wish You Were Here (Single),16,1,Indonesia,2022,106,175699,Pop,0.646,0.64,8,-5.554,1,0.0304,0.00119,0.00E+00,0.138,0.127,105.927,72
6pmo9ha8iOPZc5lxPU9o8w,Sisa Rasa,Mahalini,Sisa Rasa (Single),17,1,Indonesia,2021,122,254863,Pop,0.488,0.405,8,-6.324,0,0.0302,0.503,6.86E-06,0.108,0.152,122.049,78
0T5iIrXA4p5GsubkhuBIKV,Until I Found You,Stephen Sanchez,Easy on My Eyes EP,18,1,Indonesia,2021,101,177720,Alternative/Indie,0.539,0.508,10,-6.05,1,0.0288,0.727,0.00E+00,0.174,0.227,101.358,90
0xzI1KAr0Yd9tv8jlIk3sn,Bad Decisions,"benny blanco, BTS and Snoop Dogg",Bad Decisions (Single),19,1,Indonesia,2022,120,172714,Electropop,0.762,0.861,0,-3.296,1,0.0955,0.0185,0.00E+00,0.264,0.955,120.048,91
4h4QlmocP3IuwYEj2j14p8,Sunroof,Nicky Youre and Dazy,Sunroof (Single),20,1,Indonesia,2021,131,163026,Pop,0.768,0.714,10,-5.11,1,0.0401,0.352,0.00E+00,0.15,0.842,131.443,91
1oen3GpTcA486fTHaT7neg,FOREVER 1,Girls' Generation,Forever 1,21,1,Indonesia,2022,124,205533,K-Pop,0.615,0.871,9,-1.248,1,0.0516,0.0427,0.00E+00,0.254,0.297,123.915,81
5yR9bGLr8Zz2EndMrthui1,Ring,TOMORROW X TOGETHER,Ring,22,1,Indonesia,2022,129,207213,K-Pop,0.448,0.742,7,-4.975,1,0.0629,0.0178,0,0.0377,0.472,129.346,64
4qu63nuBpdn0qHUHuObEj1,Leave Before You Love Me,Marshmello and Jonas Brothers,Hot Tracks,23,1,Indonesia,2021,120,154983,Electropop,0.721,0.738,7,-4.77,1,0.0403,0.00226,4.41E-06,0.118,0.637,119.976,85
0a4MMyCrzT0En247IhqZbD,Hype Boy,NewJeans,New Jeans,24,1,Indonesia,2022,100,179027,K-Pop,0.593,0.935,4,-3.43,0,0.225,0.268,0.00E+00,0.286,0.783,99.976,85
2hHeGD57S0BcopfVcmehdl,Hati-Hati di Jalan,Tulus,Manusia,25,1,Indonesia,2022,72,242000,Pop Jazz,0.643,0.436,6,-11.322,1,0.0357,0.702,8.89E-02,0.115,0.755,71.969,80
4LRPiXqCikLlN15c3yImP7,As It Was,Harry Styles,Harry's House,26,1,Indonesia,2022,174,167303,Pop,0.52,0.731,6,-5.338,0,0.0557,0.342,1.01E-03,0.311,0.662,173.93,96
1Cm9rVxlCWgGqB3Y3kmJCh,Ternyata Hanya Kamu,Brisia Jodie and Stevan Pasaribu,Ternyata Hanya Kamu (Single),27,1,Indonesia,2022,156,284011,Pop,0.303,0.33,5,-9.135,1,0.0278,0.747,1.12E-05,0.118,0.178,155.688,74
3hUxzQpSfdDqwM3ZTFQY0K,august,Taylor Swift,Folklore,28,1,Indonesia,2020,90,261923,Pop,0.532,0.623,5,-9.208,1,0.0331,0.538,7.28E-05,0.0925,0.403,89.937,80
3h2aYVv7RHnOW0qGGYdYIT,Close Your Eyes,KSHMR and Tungevaag,Close Your Eyes (Single),29,1,Indonesia,2021,90,168833,EDM,0.51,0.898,11,-1.218,1,0.0772,0.0294,3.14E-05,0.255,0.483,179.969,57
5O2P9iiztwhomNh8xkR9lJ,Night Changes,One Direction,Four,30,1,Indonesia,2014,120,226000,Pop,0.672,0.52,8,-7.747,1,0.0353,0.859,0.00E+00,0.115,0.37,120.001,86
5QDLhrAOJJdNAmCTJ8xMyW,Dynamite,BTS,Be,31,1,Indonesia,2020,114,199054,K-Pop,0.746,0.765,6,-4.41,0,0.0993,0.0112,0,0.0936,0.737,114.044,86
7MkxltX87JsnT6mpFVbnCI,Ojo Dibandingke (feat. Filla Talia),Farel Prayoga,Ojo Dibandingke (feat. Filla Talia) (Single),32,1,Indonesia,2022,133,485575,Dangdut,0.537,0.555,5,-7.28,1,0.0341,0.521,0.00062,0.127,0.576,133.441,57
10SRMwb9EuVS1K9rYsBfHQ,Yet To Come,BTS,Proof,33,1,Indonesia,2022,172,193594,K-Pop,0.559,0.885,1,-4.515,1,0.189,0.0432,0.00E+00,0.333,0.683,172.029,86
7th706Tw7ByAqOR9FMWXLg,Rumah Singgah,Fabio Asher,Rumah Singgah (Single),34,1,Indonesia,2022,78,246731,Pop,0.418,0.229,8,-10.665,1,0.0332,0.723,0.00E+00,0.107,0.363,78.144,80
4ZX6ww7kJCABHIDQfy9Bmd,Mesin Waktu,Budi Doremi ,Dua Warna Cinta,35,1,Indonesia,2021,140,262735,Pop,0.441,0.308,9,-9.33,1,0.0281,0.845,0.00E+00,0.136,0.381,139.798,69
4TuNI3WEMyLQAKRMJmcQdA,Narco,Blasterjaxx and Timmy Trumpet ,Narco (Single),36,1,Indonesia,2017,130,208635,EDM,0.764,0.943,8,-4.047,1,0.0711,0.00784,1.04E-01,0.0699,0.207,129.961,65
2NvVDlX2O30KMPZJWQX2aO,Ojo Di Bandingke (feat. Abah Lala),Denny Caknan,Ojo Di Bandingke,37,1,Indonesia,2022,136,347917,Dangdut,0.414,0.769,9,-5.563,1,0.0398,0.433,0.00E+00,0.0921,0.436,136.085,65
5cASSQjKWI5ox8LykUtJGL,Peri Cintaku,Ziva Magnolya ,Magnolya,38,1,Indonesia,2022,120,259878,Pop,0.481,0.431,7,-8.095,1,0.039,0.804,0.000239,0.146,0.126,119.729,74
1k1e4Amkn7hIFrEthtazqT,Tutur Batin,Yura Yunita,Tutur Batin,39,1,Indonesia,2021,73,215591,Pop Jazz,0.576,0.329,10,-8.87,1,0.0487,0.813,0.000671,0.108,0.397,72.91,75
7gvhpn0qGA0r3GDqrPnmhD,CASABLANCA,Nuha Bahrin and Naufal Azrin,CASABLANCA (Single),40,1,Indonesia,2022,110,180048,Pop Rap,0.711,0.746,5,-5.224,0,0.0279,0.452,0.00E+00,0.251,0.609,110.018,74
3Eb5sztvEMa0Mqnb8DUAlU,Come Inside of My Heart,IV Of Spades,CLAPCLAPCLAP!,41,1,Indonesia,2019,113,246396,Alternative/Indie,0.676,0.565,10,-9.411,1,0.03,0.00321,5.79E-04,0.241,0.689,113.007,77
0qnW3Fl1IADc9UKr2FYLK2,Rocking Chair,JAY B,Rocking Chair (Single),42,1,Indonesia,2022,143,234893,K-Pop,0.509,0.273,11,-9.806,1,0.0325,0.871,0.00E+00,0.114,0.34,143.079,58
6FtIK0IkmG33lKbc1pyAlZ,AMAZING,Rex Orange County,Who Cares?,43,1,Indonesia,2022,124,209200,Alternative/Indie,0.719,0.461,8,-8.191,1,0.0454,0.279,0.00E+00,0.0875,0.548,123.915,75
2DwUdMJ5uxv20EhAildreg,Cookie,NewJeans,New Jeans,44,1,Indonesia,2022,157,235562,K-Pop,0.847,0.638,0,-3.764,1,0.0575,0.0596,0.00E+00,0.0894,0.661,156.935,78
1U1qumuS2O5Qttw8G7UXOZ,Teman Hidup,Tulus,Tulus,45,1,Indonesia,2011,83,222893,Pop Jazz,0.718,0.259,2,-12.968,1,0.0317,0.869,8.25E-06,0.0871,0.426,83.033,64
3pCt2wRdBDa2kCisIdHWgF,To the Bone,Pamungkas,Flying Solo,46,1,Indonesia,2019,140,344571,RnB/Soul,0.668,0.727,7,-6.55,0,0.027,0.514,1.90E-05,0.1,0.939,139.991,78
1HYzRuWjmS9LXCkdVHi25K,Stay With Me,CHANYEOL and Punch,"Guardian (Original Television Soundtrack), Pt. 1",47,1,Indonesia,2016,125,192441,K-Pop,0.558,0.526,0,-4.686,0,0.033,0.431,0.00E+00,0.126,0.202,124.709,72
4GfK1qOF3uBWidbPlTCQRL,Monokrom,Tulus,Monokrom,48,1,Indonesia,2016,88,214567,Pop Jazz,0.534,0.462,6,-9.383,1,0.0326,0.573,5.59E-06,0.0974,0.519,88.046,74
0fN27m84ofEpWHGwJ0THYz,Forever Only,JAEHYUN,Forever Only - SM STATION : NCT LAB,49,1,Indonesia,2022,90,196120,K-Pop,0.599,0.757,4,-2.728,0,0.126,0.0776,1.59E-06,0.469,0.708,180.017,68
51lPx6ZCSalL2kvSrDUyJc,You're Gonna Live Forever in Me,John Mayer,The Search for Everything,50,1,Indonesia,2017,136,190013,Pop Rock,0.542,0.131,7,-14.104,1,0.0316,0.983,5.44E-03,0.156,0.319,136.161,72
7EyhPjrJzjx0fk2i7vUJCS,Pink Venom,BLACKPINK,Born Pink,1,1,Lao People's Democratic Republic,2022,90,186964,K-Pop,0.794,0.719,0,-7.227,1,0.0761,0.0119,0,0.276,0.69,90.016,86
7My9ca9QEIR8MvIOdIrTWA,From The D 2 The LBC,Eminem and Snoop Dogg,Curtain Call 2,2,1,Lao People's Democratic Republic,2022,164,215120,Hip-Hop/Rap,0.73,0.785,9,-7.986,0,0.243,0.105,0.00E+00,0.0445,0.596,82.037,64
1oOnOS4xNZOMpCT0lKTNo2,Raindrops Keep Fallin' On My Head,B.J. Thomas ,Raindrops Keep Fallin' on My Head,3,1,Lao People's Democratic Republic,1969,106,178147,Pop Rock,0.578,0.434,5,-10.865,1,0.0471,0.802,1.02E-03,0.277,0.75,106.364,65
0fN27m84ofEpWHGwJ0THYz,Forever Only,JAEHYUN,Forever Only - SM STATION : NCT LAB,4,1,Lao People's Democratic Republic,2022,90,196120,K-Pop,0.599,0.757,4,-2.728,0,0.126,0.0776,1.59E-06,0.469,0.708,180.017,68
78Z09AxBP0T22lr9638y6r,Remember Us,KANGDANIEL,Street Man Fighter (SMF) Original Vol.2 (OST),5,1,Lao People's Democratic Republic,2022,90,237947,K-Pop,0.77,0.619,5,-5.527,1,0.0431,0.394,1.02E-04,0.218,0.511,89.965,36
2WTHLEVjfefbGoW7F3dXIg,Girls,aespa ,Girls,6,1,Lao People's Democratic Republic,2022,172,240440,K-Pop,0.57,0.974,3,-0.173,0,0.325,0.115,0.000594,0.125,0.65,171.958,79
track/6lfxq3CG4xtTiEg7,Can't Help Falling in Love,Kina Grannis ,Crazy Rich Asians (Original Motion Picture Soundtracks),7,1,Lao People's Democratic Republic,2018,91,201933,Pop,0.266,0.0596,0,-18.515,1,0.0363,0.905,7.07E-05,0.132,0.143,181.74,70
2gYj9lubBorOPIVWsTXugG,After LIKE,IVE,After LIKE (Single),8,1,Lao People's Democratic Republic,2022,125,176973,K-Pop,0.68,0.922,0,-1.215,1,0.121,0.103,0.00E+00,0.0877,0.799,125.014,85
4C6Uex2ILwJi9sZXRdmqXp,Super Freaky Girl,Nicki Minaj,Super Freaky Girl (Single),9,1,Lao People's Democratic Republic,2022,133,170977,Hip-Hop/Rap,0.95,0.891,2,-2.653,1,0.241,0.0645,1.77E-05,0.309,0.912,133.01,89
2bnJ8IxZnVc2YmUaX0sZap,JIKJIN,TREASURE,The Second Step: Chapter One,10,1,Lao People's Democratic Republic,2022,130,184118,K-Pop,0.819,0.55,0,-6.57,1,0.0434,0.0367,0.00E+00,0.0945,0.573,130.077,72
0rVpr1WqvNrc4FimpCJ9oy,JDS (Fantasy),Finding Hope,Lost in Translation,11,1,Lao People's Democratic Republic,2018,90,202000,RnB/Soul,0.865,0.254,1,-9.971,0,0.0435,0.0291,4.36E-02,0.3,0.326,89.997,49
track/0Dw7uVJBAKCm6dfC,Cruel,Jeff Bernat ,She Loves Me Not,12,1,Lao People's Democratic Republic,2019,79,224282,RnB/Soul,0.704,0.379,9,-9.038,1,0.0816,0.699,0.00E+00,0.112,0.465,78.91,60
6sv7ZmasB6qSiF8hWJNpDG,Still,Jeff Bernat ,She Loves Me Not,13,1,Lao People's Democratic Republic,2019,135,226927,RnB/Soul,0.485,0.315,4,-11.599,1,0.0946,0.581,3.49E-04,0.11,0.425,134.714,64
1RMJOxR6GRPsBHL8qeC2ux,Best Part (feat. H.E.R),Daniel Caesar,Freudian,14,1,Lao People's Democratic Republic,2017,75,209831,RnB/Soul,0.524,0.364,7,-10.209,1,0.0367,0.808,0.00E+00,0.1,0.436,75.24,78
58dSdjfEYNSxte1aNVxuNf,Easy,Mac Ayres ,Drive Slow,15,1,Lao People's Democratic Republic,2017,91,314538,RnB/Soul,0.722,0.282,5,-7.484,1,0.106,0.373,5.57E-03,0.147,0.217,91.367,66
1XF9P9QsH5D3rPHk1oIQd5,Trouble,Austin Butler,Elvis,16,1,Lao People's Democratic Republic,2022,113,140840,Pop,0.443,0.839,0,-6.616,1,0.124,0.00784,3.29E-04,0.814,0.717,112.703,63
3zMQnoc16U0qDwZco4hRy0,Taste,LilRock Washington,Taste (Single),17,1,Lao People's Democratic Republic,2021,98,228136,Hip-Hop/Rap,0.872,0.505,1,-9.068,1,0.166,0.0375,0.00E+00,0.103,0.325,97.963,28
4s5LsmjqGgpwftaPqgONLC,Green Tea and Honey,Dane Amar and Jereena Montemayor,East Daygo Popstar,18,1,Lao People's Democratic Republic,2021,95,222316,Hip-Hop/Rap,0.845,0.241,2,-10.948,0,0.0395,0.513,0.00E+00,0.0722,0.799,94.869,65
7eJMfftS33KTjuF7lTsMCx,death bed (coffee for your head),Powfu and beabadoobee,poems of the past,19,1,Lao People's Democratic Republic,2020,144,173333,Hip-Hop/Rap,0.726,0.431,8,-8.765,0,0.135,0.731,0.00E+00,0.696,0.348,144.026,82
3FeVmId7tL5YN8B7R3imoM,My Universe,Coldplay X BTS,Music of the Spheres,20,1,Lao People's Democratic Republic,2021,105,228000,Alternative/Indie,0.588,0.701,9,-6.39,1,0.0402,0.00813,0,0.2,0.443,104.988,83
45OX2jjEw1l7lOFJfDP9fv,MONEY,LISA,MONEY (Single),21,1,Lao People's Democratic Republic,2021,140,168228,K-Pop,0.826,0.553,1,-10.121,0,0.234,0.163,4.12E-05,0.135,0.4,140.037,79
2KZ3sNqPogEyMUUH6A5HFy,LALISA,LISA,LALISA (Single),22,1,Lao People's Democratic Republic,2021,150,200690,K-Pop,0.804,0.652,8,-6.282,1,0.0898,0.0267,7.82E-04,0.118,0.854,150.076,74
0T5iIrXA4p5GsubkhuBIKV,Until I Found You,Stephen Sanchez,Easy on My Eyes EP,23,1,Lao People's Democratic Republic,2021,101,177720,Alternative/Indie,0.539,0.508,10,-6.05,1,0.0288,0.727,0.00E+00,0.174,0.227,101.358,90
6GDIW3Le2tM0hMWD3pvefH,Thaa Thuuhr Rak Khrai Khohn Neung OST. Buppesanniwat 2,Ink Waruntorn,OST. Buppesanniwat 2,24,1,Lao People's Democratic Republic,2022,71,246435,Pop,0.229,0.46,3,-9.077,1,0.0319,0.681,1.04E-03,0.182,0.333,71.499,65
2JzZzZUQj3Qff7wapcbKjc,See You Again (feat. Charlie Puth),Wiz Khalifa,Furious 7: Original Motion Picture Soundtrack and Nine Track Mind (International Bonus Tracks),25,1,Lao People's Democratic Republic,2015,80,229526,Pop Rap,0.689,0.481,10,-7.503,1,0.0815,0.369,1.03E-06,0.0649,0.283,80.025,81
3nfiJCxZsbSGCBC2LgmHsd,Gotta Get It (feat. Kemo),Macc Dundee,Motivation,26,1,Lao People's Democratic Republic,2020,139,217902,Hip-Hop/Rap,0.879,0.591,5,-9.242,0,0.377,0.0406,0.00E+00,0.11,0.617,139.069,10
1u8c2t2Cy7UBoG4ArRcF5g,Blank Space,Taylor Swift,1989,27,1,Lao People's Democratic Republic,2014,96,231827,Pop,0.76,0.703,5,-5.412,1,0.054,0.103,0,0.0913,0.57,95.997,75
3TSLqZssCoCdDlMhCJ08XW,Still Life,BIGBANG,Still Life (Single),28,1,Lao People's Democratic Republic,2022,118,188369,K-Pop,0.6,0.584,8,-4.457,1,0.034,0.443,0.00E+00,0.6628,0.239,118.06,67
3TZ7NHkMT82AhwuYsd00Hz,Your eyes tell,BTS,Map of the Soul: 7 – The Journey,29,1,Lao People's Democratic Republic,2020,140,245147,K-Pop,0.449,0.491,9,-6.433,0,0.029,0.279,0.00E+00,0.0654,0.258,139.923,69
2tEMbypmvYhf84mzVbhxwZ,NANANA,GOT7,Got7,30,1,Lao People's Democratic Republic,2022,137,187467,K-Pop,0.706,0.692,5,-4.433,0,0.0277,0.0768,0.00E+00,0.173,0.601,137.006,67
4rDCI4NQEBQrfTFN5epRYU,Xahm wy hay (a mèi zou / Chinese Girl),THE TOYS,Xahm wy hay (a mèi zou / Chinese Girl) (Single),31,1,Lao People's Democratic Republic,2022,110,178909,Pop,0.783,0.509,0,-7.154,1,0.0289,0.313,0.00E+00,0.103,0.817,109.979,58
1M2XakpRDkxjiuCirVPD8c,Kiss By Kiss,THE TOYS,Kiss By Kiss,32,1,Lao People's Democratic Republic,2021,125,186000,Pop,0.756,0.677,0,-6.573,1,0.0295,0.276,4.50E-06,0.204,0.68,125.048,61
0g9IOJwdElaCZEvcqGRP4b,Edge of the Earth,Thirty Seconds to Mars,30 Seconds to Mars,33,1,Lao People's Democratic Republic,2002,110,277507,Rock,0.522,0.921,1,-4.717,1,0.0473,0.000105,5.85E-01,0.313,0.241,110.088,51
7BKLCZ1jbUBVqRi2FVlTVw,Closer (feat. Halsey),The Chainsmokers,Collage,34,1,Lao People's Democratic Republic,2016,95,244960,Electropop,0.748,0.524,8,-5.599,1,0.0338,0.414,0,0.111,0.661,95.01,84
2nLtzopw4rPReszdYBJU6h,Numb,LINKIN PARK,Meteora,35,1,Lao People's Democratic Republic,2003,110,185587,Nu Metal,0.496,0.863,9,-4.153,1,0.0381,0.0046,0.00E+00,0.639,0.243,110.018,83
6lanRgr6wXibZr8KgzXxBl,A Thousand Years,Christina Perri,The Twilight Saga: Breaking Dawn — Part 1: Original Motion Picture Soundtrack,36,1,Lao People's Democratic Republic,2011,139,285120,Pop,0.421,0.407,10,-7.445,1,0.0267,0.309,0.000961,0.11,0.161,139.028,80
6IPNp9PfaEqrzotY47TIWy,"SG (Feat. Ozuna, Megan Thee Stallion and LISA)",DJ Snake,SG (Single),37,1,Lao People's Democratic Republic,2021,100,225600,EDM,0.8,0.837,6,-2.807,0,0.0491,0.00406,3.13E-03,0.0904,0.702,100.015,77
0tgVpDi06FyKpA1z0VMD4v,Perfect,Ed Sheeran,÷,38,1,Lao People's Democratic Republic,2017,95,263400,Pop,0.599,0.448,8,-6.312,1,0.0232,0.163,0,0.106,0.168,95.05,86
1Yk0cQdMLx5RzzFTYwmuld,Hello,Adele,25,39,1,Lao People's Democratic Republic,2015,79,295502,RnB/Soul,0.578,0.43,5,-6.134,0,0.0305,0.33,0,0.0854,0.288,78.991,72
3oxBlwpujNSRuoEYB8Ri5q,Bpeert phlaehng bao bao,"""N/A""",Bpeert phlaehng bao bao (Single),40,1,Lao People's Democratic Republic,2022,123,142120,Pop Rap,0.762,0.256,10,-16.275,1,0.0431,0.559,5.82E-06,0.116,0.412,122.98,28
2G2X5AMqBRE2PgS3qCWfqf,2:23 AM,Sharou,2:23 AM (Single),41,1,Lao People's Democratic Republic,2021,90,196000,Pop,0.587,0.611,10,-8.862,1,0.0739,0.244,2.88E-05,0.238,0.499,179.951,53
4KzAXgf0AO8Sp2Otz8lcHg,Fight for Hong Kong,Miles Guo,Fight for Hong Kong (Single),42,1,Lao People's Democratic Republic,2020,95,251952,C-Pop,0.681,0.795,1,-6.43,1,0.0649,0.198,0.00E+00,0.359,0.762,94.959,21
0cqRj7pUJDkTCEsJkx8snD,Shake It Off,Taylor Swift,1989,43,1,Lao People's Democratic Republic,2014,160,219200,Pop,0.647,0.8,7,-5.384,1,0.165,0.0647,0,0.334,0.942,160.078,73
0Gl5s8IhMmQE5YQwM8Qx1J,Never Enough,Loren Allred,The Greatest Showman: Original Motion Picture Soundtrack,44,1,Lao People's Democratic Republic,2017,87,207787,Pop,0.277,0.394,8,-8.903,1,0.0336,0.423,0.00E+00,0.0952,0.227,86.777,74
37R0bQOQj5a7DOqh1TGzvB,One Call Away,Charlie Puth,Nine Track Mind,45,1,Lao People's Democratic Republic,2016,91,194453,Pop,0.667,0.613,1,-5.353,1,0.0344,0.403,0,0.115,0.47,91.024,66
1ld6mehnTNzDl5HOy5wXHM,Dto rim (Melt),"DoubleBam, JIXGO and Sarah Salola",Dto rim (Melt) (Single),46,1,Lao People's Democratic Republic,2022,84,247398,Pop,0.652,0.512,9,-7.511,1,0.0283,0.355,0.00E+00,0.134,0.397,84.019,69
3BK6m6yU8BAW5z71FnU3nu,Cold Fire,YOUNGOHM,Cold Fire (Single),47,1,Lao People's Democratic Republic,2019,100,221229,Hip-Hop/Rap,0.657,0.751,0,-7.399,1,0.0331,0.801,1.70E-06,0.102,0.834,100.031,44
6bvZRLLkBKkmgpBJTTj3QK,How You Like That,BLACKPINK,The Album,48,1,Lao People's Democratic Republic,2020,130,180956,K-Pop,0.813,0.787,11,-4.254,1,0.0777,0.0452,0.000107,0.0506,0.326,130.018,77
45aBsnKRWUzhwbcqOJLwfe,This Is Me,Keala Settle and The Greatest Showman Ensemble,The Greatest Showman: Original Motion Picture Soundtrack,49,1,Lao People's Democratic Republic,2017,96,234707,Pop,0.284,0.704,2,-7.276,1,0.186,0.00583,1.15E-04,0.0424,0.1,191.702,74
0nJW01T7XtvILxQgC5J7Wh,When I Was Your Man,Bruno Mars,Unorthodox Jukebox,50,1,Lao People's Democratic Republic,2012,73,213827,Pop,0.612,0.28,0,-8.648,1,0.0434,0.932,0,0.088,0.387,72.795,85
2kDrUAONMhG6CbDGBkhdrY,_WORLD (Ft. Anne-Marie),SEVENTEEN,SECTOR 17,1,1,Malaysia,2022,111,178440,K-Pop,0.668,0.85,2,-3.258,0,0.0496,0.271,0.00E+00,0.122,0.821,111.022,62
7EyhPjrJzjx0fk2i7vUJCS,Pink Venom,BLACKPINK,Born Pink,2,1,Malaysia,2022,90,186964,K-Pop,0.794,0.719,0,-7.227,1,0.0761,0.0119,0,0.276,0.69,90.016,86
7bJ6jD8vlKDU2lmur1lMjp,far away,Mark Tuan,The Other Side,3,1,Malaysia,2022,80,193560,Pop,0.662,0.468,5,-7.86,1,0.0371,0.722,0.00E+00,0.121,0.174,80.002,67
0RDqNCRBGrSegk16Avfzuq,Talk that Talk,TWICE,Between 1and2,4,1,Malaysia,2022,120,177467,K-Pop,0.772,0.907,3,-2.438,0,0.124,0.136,0,0.334,0.783,119.973,82
4h9wh7iOZ0GGn8QVp4RAOB,I Ain't Worried,OneRepublic,Top Gun: Maverick,5,1,Malaysia,2022,140,148486,Pop Rock,0.704,0.797,0,-5.927,1,0.0475,0.0826,0.000745,0.0546,0.825,139.994,93
72yP0DUlWPyH8P7IoxskwN,Hold Me Closer,Elton John and Britney Spears,Hold Me Closer (Single),6,1,Malaysia,2022,126,202246,Pop Rock,0.667,0.75,0,-4.602,1,0.0906,0.0746,0.000198,0.197,0.486,126.041,83
0mBP9X2gPCuapvpZ7TGDk3,Left and Right,Charlie Puth and Jung Kook,CHARLIE,7,1,Malaysia,2022,101,154487,Pop,0.881,0.592,2,-4.898,1,0.0324,0.619,1.32E-05,0.0901,0.719,101.058,94
7In6sYsGhOj775icHYWIhI,PASSION,G.E.M.,Revelation,8,1,Malaysia,2022,110,179982,C-Pop,0.649,0.655,2,-5.987,0,0.0371,0.0953,0.000205,0.129,0.309,109.997,51
6xGruZOHLs39ZbVccQTuPZ,Glimpse of Us,Joji,Glimpse of Us (Single),9,1,Malaysia,2022,170,233456,RnB/Soul,0.44,0.317,8,-9.258,1,0.0531,0.891,4.78E-06,0.141,0.268,169.914,96
0T5iIrXA4p5GsubkhuBIKV,Until I Found You,Stephen Sanchez,Easy on My Eyes EP,10,1,Malaysia,2021,101,177720,Alternative/Indie,0.539,0.508,10,-6.05,1,0.0288,0.727,0.00E+00,0.174,0.227,101.358,90
4h4QlmocP3IuwYEj2j14p8,Sunroof,Nicky Youre and Dazy,Sunroof (Single),11,1,Malaysia,2021,131,163026,Pop,0.768,0.714,10,-5.11,1,0.0401,0.352,0.00E+00,0.15,0.842,131.443,91
1519gWsJFgIVt3WIu7lo5e,Eta lyubov,Amirchik,Eta Lyubov (Single),12,1,Malaysia,2022,125,143040,Pop,0.858,0.721,8,-4.811,0,0.0743,0.117,1.36E-06,0.0567,0.737,124.993,56
5fFVy5lNikE6Gls8qKLS5L,Be With You,Akon,Freedom,13,1,Malaysia,2008,174,231013,RnB/Soul,0.761,0.741,9,-7.541,1,0.0463,0.0853,1.95E-05,0.0656,0.694,87.005,46
1b0aDgrG775i4sPQgJGmkU,Tak Ingin Usai,Keisya Levronka,Tak Ingin Usai (Single),14,1,Malaysia,2022,130,278500,Pop,0.49,0.398,0,-7.712,1,0.0266,0.815,0.000187,0.114,0.136,129.772,83
1oen3GpTcA486fTHaT7neg,FOREVER 1,Girls' Generation,Forever 1,15,1,Malaysia,2022,124,205533,K-Pop,0.615,0.871,9,-1.248,1,0.0516,0.0427,0.00E+00,0.254,0.297,123.915,81
2gYj9lubBorOPIVWsTXugG,After LIKE,IVE,After LIKE (Single),16,1,Malaysia,2022,125,176973,K-Pop,0.68,0.922,0,-1.215,1,0.121,0.103,0.00E+00,0.0877,0.799,125.014,85
7CCMZ7GXdvVzOJWB6wqE82,Back Time Lexer (Breaklatin Remix),DJ Jonel Sagayno Remix,Back Time Lexer (Breaklatin Remix) (Single),17,1,Malaysia,2022,130,254817,EDM,0.91,0.959,11,-1.658,1,0.0381,0.00724,2.77E-02,0.278,0.906,130,42
7gvhpn0qGA0r3GDqrPnmhD,CASABLANCA,Nuha Bahrin and Naufal Azrin,CASABLANCA (Single),18,1,Malaysia,2022,110,180048,Pop Rap,0.711,0.746,5,-5.224,0,0.0279,0.452,0.00E+00,0.251,0.609,110.018,74
1yvMUkIOTeUNtNWlWRgANS,Unstoppable,Sia,This Is Acting (Deluxe Version),19,1,Malaysia,2016,174,217747,Pop,0.468,0.779,9,-4.839,1,0.0779,0.112,3.73E-04,0.101,0.26,173.799,80
4LRPiXqCikLlN15c3yImP7,As It Was,Harry Styles,Harry's House,20,1,Malaysia,2022,174,167303,Pop,0.52,0.731,6,-5.338,0,0.0557,0.342,1.01E-03,0.311,0.662,173.93,96
0wNWzeA2HtZbUz6nrFhors,Negaraku,"Joe Flizzow, Altimet, SonaOne and Faizal Tahir",Negaraku (Single),21,1,Malaysia,2016,150,218666,Pop Rap,0.623,0.865,11,-3.636,0,0.228,0.558,1.69E-05,0.255,0.515,150.06,38
4RVwu0g32PAqgUiJoXsdF8,Happier Than Ever,Billie Eilish,Happier Than Ever (Single),22,1,Malaysia,2021,81,298899,Electropop,0.332,0.225,0,-8.697,1,0.0348,0.767,3.49E-03,0.128,0.297,81.055,88
1gH1h30wkQdd9zhY3j7a8T,THE SHADE,Rex Orange County,Who Cares?,23,1,Malaysia,2022,120,181507,Alternative/Indie,0.898,0.509,5,-7.973,1,0.062,0.391,0.00E+00,0.0876,0.727,119.869,86
5IgjP7X4th6nMNDh4akUHb,Under the Influence,Chris Brown,Indigo,24,1,Malaysia,2019,117,184613,Pop Rap,0.733,0.69,9,-5.529,0,0.0427,0.0635,1.18E-06,0.105,0.31,116.992,89
1Nr46gjiP50uPsz30gYhAd,"Thenmozhi (From ""Thiruchitrambalam"")",Santhosh Narayanan and Anirudh Ravichander,"Thenmozhi (From ""Thiruchitrambalam"") (Single)",25,1,Malaysia,2022,124,173226,Hip-Hop/Rap,0.764,0.532,9,-5.979,0,0.0491,0.598,0.00E+00,0.26,0.859,123.95,76
6la3Kme7O7D01fJPxgpAS5,"Love of Cang Lan (Theme Song from ""Love Between Fairy and Devil"")",Faye,"Love of Cang Lan (Theme Song from ""Love Between Fairy and Devil"") (Single)",26,1,Malaysia,2022,142,189296,C-Pop,0.45,0.62,11,-6.492,1,0.0365,0.313,0.00E+00,0.0672,0.169,142.026,61
7JX2ClsnxN9GirkOezr01O,Xihuan Ni,G.E.M.,Xihuan Ni (Single),27,1,Malaysia,2014,156,239010,C-Pop,0.554,0.755,5,-6.334,1,0.0885,0.143,0.00E+00,0.254,0.342,156.152,55
25cNcn7Ol5YTMC1awVb0XW,Malaysia,Faizal Tahir,ROJAK,28,1,Malaysia,2018,142,197980,Pop Rock,0.479,0.797,11,-3.933,1,0.0447,0.247,8.65E-06,0.364,0.469,142.142,26
3W4U7TEgILGpq0EmquurtH,Old Love,Yuji and putri dahlia,Old Love,29,1,Malaysia,2022,142,249382,Pop,0.478,0.367,11,-10.513,1,0.0283,0.716,0.00E+00,0.124,0.359,141.95,64
5b0NpyYAwW2dUGL08ir7Bg,Hingga Tua Bersama,Rizky Febian,Hingga Tua Bersama (Single),30,1,Malaysia,2021,124,270926,Pop,0.579,0.459,10,-8.741,1,0.0269,0.796,5.28E-06,0.123,0.375,123.956,78
4Ynxg65rhHFWQmMmmp5zTc,Tanggal 31 Ogos,Sudirman,Jiwa Merdeka,31,1,Malaysia,2021,136,162493,Pop,0.636,0.781,9,-5.867,1,0.0311,0.118,2.64E-02,0.111,0.947,136.225,2
0ri0Han4IRJhzvERHOZTMr,At My Worst,Pink Sweat$,PINK PLANET,32,1,Malaysia,2021,92,170345,RnB/Soul,0.813,0.415,0,-5.926,1,0.0349,0.777,0.00E+00,0.131,0.667,91.921,75
3wlLknnMtD8yZ0pCtCeeK4,Angel Baby,Troye Sivan,Angel Baby (Single),33,1,Malaysia,2021,72,220780,Pop,0.559,0.559,11,-6.425,1,0.0358,0.0145,0,0.138,0.338,72.498,82
3XYRV7ZSHqIRDG87DKTtry,Permission to Dance,BTS,Permission to Dance (Single),34,1,Malaysia,2021,125,187585,K-Pop,0.702,0.741,9,-5.33,1,0.0427,0.00544,0.00E+00,0.337,0.646,124.925,82
77uktQePd9IdeMPVWlu1cO,Haikuotiankong,Beyond,Rock N Roll,35,1,Malaysia,1992,77,239507,C-Pop,0.311,0.311,5,-11.516,1,0.0323,0.69,0.00E+00,0.195,0.369,76.951,59
1utDFK1ARQcuZSwapf3cfb,The Feels,TWICE,The Feels (Single),36,1,Malaysia,2021,120,198053,K-Pop,0.808,0.903,9,-2.179,1,0.0729,0.0899,0.00E+00,0.0816,0.922,120.044,78
0X9MxHR1rTkEHDjp95F2OO,Bad Liar,Anna Hamilton,Bad Liar (Single),37,1,Malaysia,2018,87,248448,Pop,0.691,0.234,3,-6.441,1,0.0285,0.777,0.00E+00,0.12,0.209,87.103,62
1Vfhb9LNTcMCnyyOUe3p48,Jangan Khianati Aku,Azlan and The Typewriter,Jangan Khianati Aku (Single),38,1,Malaysia,2019,140,199714,Alternative/Indie,0.466,0.883,6,-5.021,1,0.0755,0.0253,0.00E+00,0.108,0.585,140.175,48
1BSMpVGWs3v5BZKnAQziAc,Light Switch,Charlie Puth,CHARLIE,39,1,Malaysia,2022,92,185681,Pop,0.69,0.626,6,-5.693,1,0.306,0.105,3.35E-04,0.0881,0.912,184.009,83
0dcnrLo8s1rhjm8euGjI4n,DARARI,TREASURE,The Second Step: Chapter One,40,1,Malaysia,2022,85,220716,K-Pop,0.716,0.638,0,-6.87,1,0.0392,0.486,0.00E+00,0.0702,0.552,84.955,78
413FL2zZTYPZ7JOVF2iAVF,SOLITUDE,G.E.M.,Revelation,41,1,Malaysia,2022,90,246510,C-Pop,0.641,0.607,11,-6.686,1,0.0397,0.397,0.00E+00,0.132,0.255,90.02,54
29kUiQdEvB9q7joHiYZNJ3,I Ain’t Worried (Acoustic),OneRepublic,Top Gun: Maverick,42,1,Malaysia,2022,140,149234,Pop Rock,0.711,0.493,5,-6.991,1,0.0357,0.688,1.90E-05,0.0628,0.783,139.994,67
6TQS7URegxmcb8tTNpoXzi,"Megham Karukatha (From ""Thiruchitrambalam"")",Dhanush and Anirudh Ravichander,"Megham Karukatha (From ""Thiruchitrambalam"") (Single)",43,1,Malaysia,2022,150,290400,Pop Rap,0.429,0.614,4,-6.573,0,0.0709,0.513,3.16E-04,0.0922,0.743,149.966,79
7nthiiDfS9WHNHDMwmAz98,BTBT (feat. DeVita),B.I and Soulja Boy Tell 'Em,BTBT (Single),44,1,Malaysia,2022,110,219550,Pop Rap,0.766,0.663,9,-6.932,0,0.175,0.334,0.00E+00,0.117,0.509,109.967,79
1GpbSYjurHKlxhcxCZ1Bqa,Congqian Shuo,Xiao A Qi,Congqian Shuo (Single),45,1,Malaysia,2021,116,251501,C-Pop,0.616,0.69,4,-5.189,1,0.0338,0.671,0.00E+00,0.368,0.446,115.966,65
2MLHyLy5z5l5YRp7momlgw,Island In the Sun,Weezer,Weezer (Green Album),46,1,Malaysia,2001,115,200307,Rock,0.654,0.81,4,-6.26,0,0.0288,0.00719,2.51E-03,0.165,0.661,114.623,79
76yLhPFFk1Wxab5OV0V70m,Cinta Ini,Amirchik,Cinta Ini EP,47,1,Malaysia,2022,125,143040,Pop,0.851,0.7,8,-4.734,0,0.0766,0.0817,0.00E+00,0.088,0.836,124.999,40
2AgdGjC0oatOoVa8jEjTRZ,Hal Hebat,Govinda and Ernie Zakri,Hal Hebat (Single),48,1,Malaysia,2022,146,322457,Pop,0.288,0.41,2,-6.767,1,0.0327,0.691,0.00E+00,0.144,0.36,145.622,42
6pmo9ha8iOPZc5lxPU9o8w,Sisa Rasa,Mahalini,Sisa Rasa (Single),49,1,Malaysia,2021,122,254863,Pop,0.488,0.405,8,-6.324,0,0.0302,0.503,6.86E-06,0.108,0.152,122.049,78
0dgrFwOa0RrFzWcM0azTzx,The Good Part,AJR,The Click,50,1,Malaysia,2017,93,227267,Electropop,0.287,0.473,5,-3.551,1,0.034,0.0858,4.40E-05,0.383,0.577,186.283,66
7jHngNJTPm0h1glLmTWxmf,Very Confortable Deep Sleep Noise,White Noise for Baby,White Noise Sleep Aid,1,1,Myanmar,2019,60,65000,Children's music,0.105,0.311,2,-30.761,1,0.23,0.0676,6.12E-01,0.152,0.0758,60.327,26
6I3mqTwhRpn34SLVafSH7G,Ghost,Justin Bieber,Justice,2,1,Myanmar,2021,154,153190,Pop,0.601,0.741,2,-5.569,1,0.0478,0.185,2.91E-05,0.415,0.441,153.96,89
3wlLknnMtD8yZ0pCtCeeK4,Angel Baby,Troye Sivan,Angel Baby (Single),3,1,Myanmar,2021,72,220780,Pop,0.559,0.559,11,-6.425,1,0.0358,0.0145,0,0.138,0.338,72.498,82
4h4QlmocP3IuwYEj2j14p8,Sunroof,Nicky Youre and Dazy,Sunroof (Single),4,1,Myanmar,2021,131,163026,Pop,0.768,0.714,10,-5.11,1,0.0401,0.352,0.00E+00,0.15,0.842,131.443,91
2LBqCSwhJGcFQeTHMVGwy3,Die For You,The Weeknd,Starboy,5,1,Myanmar,2016,134,260253,RnB/Soul,0.586,0.525,1,-7.163,0,0.0615,0.111,0.00E+00,0.134,0.508,133.629,86
6xGruZOHLs39ZbVccQTuPZ,Glimpse of Us,Joji,Glimpse of Us (Single),6,1,Myanmar,2022,170,233456,RnB/Soul,0.44,0.317,8,-9.258,1,0.0531,0.891,4.78E-06,0.141,0.268,169.914,96
4LRPiXqCikLlN15c3yImP7,As It Was,Harry Styles,Harry's House,7,1,Myanmar,2022,174,167303,Pop,0.52,0.731,6,-5.338,0,0.0557,0.342,1.01E-03,0.311,0.662,173.93,96
5HCyWlXZPP0y6Gqq8TgA20,STAY (with Justin Bieber),The Kid LAROI,STAY (with Justin Bieber) (Single),8,1,Myanmar,2021,170,141806,Pop Rap,0.591,0.764,1,-5.484,1,0.0483,0.0383,0.00E+00,0.103,0.478,169.928,89
3KkXRkHbMCARz0aVfEt68P,Sunflower (Spider-Man: Into the Spider-Verse),Post Malone and Swae Lee,Spider-Man: Into the Spider-Verse (Soundtrack From and Inspired by the Motion Picture),9,1,Myanmar,2018,90,158040,Hip-Hop/Rap,0.76,0.479,2,-5.574,1,0.0466,0.556,0.00E+00,0.0703,0.913,89.911,83
4h9wh7iOZ0GGn8QVp4RAOB,I Ain't Worried,OneRepublic,Top Gun: Maverick,10,1,Myanmar,2022,140,148486,Pop Rock,0.704,0.797,0,-5.927,1,0.0475,0.0826,0.000745,0.0546,0.825,139.994,93
0mBP9X2gPCuapvpZ7TGDk3,Left and Right,Charlie Puth and Jung Kook,CHARLIE,11,1,Myanmar,2022,101,154487,Pop,0.881,0.592,2,-4.898,1,0.0324,0.619,1.32E-05,0.0901,0.719,101.058,94
4iJyoBOLtHqaGxP12qzhQI,Peaches (feat. Daniel Caesar and GIV?ON),Justin Bieber,Justice,12,1,Myanmar,2021,90,198082,RnB/Soul,0.677,0.696,0,-6.181,1,0.119,0.321,0.00E+00,0.42,0.464,90.03,87
0T5iIrXA4p5GsubkhuBIKV,Until I Found You,Stephen Sanchez,Easy on My Eyes EP,13,1,Myanmar,2021,101,177720,Alternative/Indie,0.539,0.508,10,-6.05,1,0.0288,0.727,0.00E+00,0.174,0.227,101.358,90
72yP0DUlWPyH8P7IoxskwN,Hold Me Closer,Elton John and Britney Spears,Hold Me Closer (Single),14,1,Myanmar,2022,126,202246,Pop Rock,0.667,0.75,0,-4.602,1,0.0906,0.0746,0.000198,0.197,0.486,126.041,83
7qiZfU4dY1lWllzX7mPBI3,Shape of You,Ed Sheeran,÷,15,1,Myanmar,2017,96,233713,Pop,0.825,0.652,1,-3.183,0,0.0802,0.581,0,0.0931,0.931,95.977,86
1PckUlxKqWQs3RlWXVBLw3,About Damn Time,Lizzo,About Damn Time,16,1,Myanmar,2022,109,191822,RnB/Soul,0.836,0.743,10,-6.305,0,0.0656,0.0995,0.00E+00,0.335,0.722,108.966,91
5UlnuulVAVmmesw4VzqHdG,"Enemy (From the series ""Arcane League of Legends"")","Imagine Dragons, JID and League of Legends",Enemy (from the series Arcane League of Legends) (Single),17,1,Myanmar,2021,77,173381,Alternative/Indie,0.722,0.745,7,-4.164,1,0.256,0.247,0.00E+00,0.419,0.52,77.029,81
5AlPhMH5sz4N7jCvyFbm1R,Animal Families,Pinkfong ,Pinkfong Animal Songs,18,1,Myanmar,2017,128,77871,Children's music,0.924,0.495,10,-3.555,1,0.157,0.237,0.00318,0.053,0.881,127.969,39
6DRukJKFUON1znN2vyU56i,Ho a Yin Ka Lo (feat. Nin Zi May),Ye Lay,Aung Myin Mhu Kha Yee Sin,19,1,Myanmar,2017,154,280738,Pop Rap,0.622,0.83,5,-4.513,1,0.0982,0.151,0,0.122,0.495,153.927,29
0O6u0VJ46W86TxN9wgyqDj,I Like You (A Happier Song) [feat. Doja Cat],Post Malone,Twelve Carat Toothache,20,1,Myanmar,2022,101,192841,Hip-Hop/Rap,0.733,0.67,5,-6.009,1,0.0751,0.121,0,0.121,0.472,100.964,91
1XGmzt0PVuFgQYYnV2It7A,Payphone (feat. Wiz Khalifa),Maroon 5,Overexposed,21,1,Myanmar,2012,110,231173,Pop Rap,0.743,0.752,4,-4.813,1,0.0414,0.0188,0,0.287,0.545,110.015,72
4C6Uex2ILwJi9sZXRdmqXp,Super Freaky Girl,Nicki Minaj,Super Freaky Girl (Single),22,1,Myanmar,2022,133,170977,Hip-Hop/Rap,0.95,0.891,2,-2.653,1,0.241,0.0645,1.77E-05,0.309,0.912,133.01,89
4RVwu0g32PAqgUiJoXsdF8,Happier Than Ever,Billie Eilish,Happier Than Ever (Single),23,1,Myanmar,2021,81,298899,Electropop,0.332,0.225,0,-8.697,1,0.0348,0.767,3.49E-03,0.128,0.297,81.055,88
3xqQJ5uCUtMTg3RJJKVfOx,Bar Lo Nay Thay Lae,IDIOTS,Khit Thit Kyaut,24,1,Myanmar,2017,146,258574,Rock,0.514,0.746,7,-5.987,1,0.042,0.0362,0,0.116,0.439,145.935,37
0tgVpDi06FyKpA1z0VMD4v,Perfect,Ed Sheeran,÷,25,1,Myanmar,2017,95,263400,Pop,0.599,0.448,8,-6.312,1,0.0232,0.163,0,0.106,0.168,95.05,86
4Qz2CUhWcuMuEoV6vygcZF,YA-TA,ZENE THE ZILLA and Woodie Gochild,YA-TA,26,1,Myanmar,2022,105,203213,Hip-Hop/Rap,0.758,0.904,4,-3.024,0,0.0389,0.18,0,0.112,0.908,105.014,30
7MXVkk9YMctZqd1Srtv4MB,Starboy (feat. Daft Punk),The Weeknd,Starboy,27,1,Myanmar,2016,93,230453,RnB/Soul,0.679,0.587,7,-7.015,1,0.276,0.141,6.35E-06,0.137,0.486,186.003,87
7BKLCZ1jbUBVqRi2FVlTVw,Closer (feat. Halsey),The Chainsmokers,Collage,28,1,Myanmar,2016,95,244960,Electropop,0.748,0.524,8,-5.599,1,0.0338,0.414,0,0.111,0.661,95.01,84
5mdWIwsJAzR97ShGkt8gcR,New Thing (feat. Homies),ZICO,Street Man Fighter Original Vol.3 (Mission by Rank),29,1,Myanmar,2022,175,147427,Hip-Hop/Rap,0.775,0.865,1,-2.015,1,0.307,0.0453,0,0.261,0.663,175.12,43
4cktbXiXOapiLBMprHFErI,Memories,Maroon 5,JORDI (Deluxe),30,1,Myanmar,2021,91,189486,Pop,0.775,0.327,11,-7.241,1,0.0557,0.841,0,0.0821,0.595,91.05,85
1Fid2jjqsHViMX6xNH70hE,Atlantis,Seafret,Tell Me It's Real (Expanded Edition),31,1,Myanmar,2016,166,229173,Alternative/Indie,0.4,0.479,8,-7.989,0,0.0308,0.0529,2.14E-06,0.115,0.213,166.159,87
5IgjP7X4th6nMNDh4akUHb,Under the Influence,Chris Brown,Indigo,32,1,Myanmar,2019,117,184613,Pop Rap,0.733,0.69,9,-5.529,0,0.0427,0.0635,1.18E-06,0.105,0.31,116.992,89
4umIPjkehX1r7uhmGvXiSV,Intentions (feat. Quavo),Justin Bieber,Changes,33,1,Myanmar,2020,148,212867,Pop Rap,0.806,0.546,9,-6.637,1,0.0575,0.3,0,0.102,0.874,147.986,77
6CDzDgIUqeDY5g8ujExx2f,Heat Waves,Glass Animals,Dreamland,34,1,Myanmar,2020,81,238805,Alternative/Indie,0.761,0.525,11,-6.9,1,0.0944,0.44,6.70E-06,0.0921,0.531,80.87,84
4uUG5RXrOk84mYEfFvj3cK,I'm Good (Blue),David Guetta and Bebe Rexha,I'm Good (Blue) (Single),35,1,Myanmar,2022,128,175238,EDM,0.561,0.965,7,-3.673,0,0.0343,0.00383,7.07E-06,0.371,0.304,128.04,88
0yeisI6zWjNN1EC0btUr82,Brahms: Lullaby (Running Water and Chirp),Noble Music Kids,Baby Lullabies and Nursery Rhymes,36,1,Myanmar,2019,75,158963,Children's music,0.719,0.108,0,-19.808,1,0.0683,0.986,5.85E-01,0.106,0.879,164.027,68
0RDqNCRBGrSegk16Avfzuq,Talk that Talk,TWICE,Between 1and2,37,1,Myanmar,2022,120,177467,K-Pop,0.772,0.907,3,-2.438,0,0.124,0.136,0,0.334,0.783,119.973,82
10xV5l9nhLvFpR8mqzs0bL,Numb,Marshmello and Khalid,Numb (Single),38,1,Myanmar,2022,120,155589,Electropop,0.912,0.774,0,-4.673,0,0.0455,0.121,1.27E-02,0.101,0.632,119.966,87
0VES0jpNQEdRpD31gYDIMe,LAW,YOON MI RAE and BIBI,Street Man Fighter Original Vol.3 (Mission by Rank),39,1,Myanmar,2022,128,189373,K-Pop,0.756,0.9,2,-4.428,1,0.0843,0.0857,1.11E-04,0.237,0.55,128.054,42
0VjIjW4GlUZAMYd2vXMi3b,Blinding Lights,The Weeknd,After Hours,40,1,Myanmar,2020,171,200040,RnB/Soul,0.514,0.73,1,-5.934,1,0.0598,0.00146,9.54E-05,0.0837,0.334,171.005,91
21jGcNKet2qwijlDFuPiPb,Circles,Post Malone,Hollywood's Bleeding,41,1,Myanmar,2019,120,215280,Hip-Hop/Rap,0.695,0.762,0,-3.497,1,0.0395,0.192,2.44E-03,0.0863,0.553,120.042,86
2eXlwgFPe6HgFaPJO8xQHK,Wanksta,50 Cent,Get Rich Or Die Tryin',42,1,Myanmar,2003,81,219400,Hip-Hop/Rap,0.802,0.863,1,-3.552,1,0.2,0.0199,0.00E+00,0.141,0.873,81.008,54
2P91MQbaiQOfbiz9VqhqKQ,I Like Me Better,Lauv,I met you when I was 18. (the playlist),43,1,Myanmar,2018,92,197437,Electropop,0.752,0.505,9,-7.621,1,0.253,0.535,2.55E-06,0.104,0.419,91.97,82
2At18rPHOuTEjGEppwGV0A,Peter Pan Was Right,Anson Seabra,Peter Pan Was Right (Single),44,1,Myanmar,2022,84,192498,Pop,0.661,0.517,5,-7.74,1,0.0406,0.223,0.00E+00,0.116,0.241,84.014,72
0gplL1WMoJ6iYaPgMCL0gX,Easy On Me,Adele,Easy On Me (Single),45,1,Myanmar,2021,142,224695,RnB/Soul,0.604,0.366,5,-7.519,1,0.0282,0.578,0.00E+00,0.133,0.13,141.981,84
5p7ujcrUXASCNwRaWNHR1C,Without Me,Halsey,Without Me (Single),46,1,Myanmar,2018,136,201661,Electropop,0.752,0.488,6,-7.05,1,0.0705,0.297,9.11E-06,0.0936,0.533,136.041,78
5CM4UuQ9Gnd6K2YyKGPMoK,Bad Habit,Steve Lacy,Bad Habit (Single),47,1,Myanmar,2022,169,232115,RnB/Soul,0.686,0.507,1,-7.097,1,0.0357,0.626,7.51E-05,0.383,0.69,168.955,91
2r2RFZqIiyJav2ha3sd9pF,SNAP (Low and Slow),Rosa Linn,SNAP PACK,48,1,Myanmar,2022,150,203492,Electropop,0.623,0.547,9,-9.345,1,0.0499,0.241,3.19E-05,0.15,0.514,149.973,58
5zFglKYiknIxks8geR8rcL,Beautiful Mistakes,Maroon 5 and Megan Thee Stallion,JORDI (Deluxe),49,1,Myanmar,2021,99,227395,Pop Rap,0.713,0.676,10,-5.483,1,0.027,0.0377,0.00E+00,0.154,0.721,99.048,82
4SqWKzw0CbA05TGszDgMlc,I Love You So,The Walters,I Love You So (Single),50,1,Myanmar,2014,76,160240,Alternative/Indie,0.575,0.648,10,-4.891,1,0.0358,0.583,0.00E+00,0.115,0.466,75.977,87
70XnKsO3UnIT4FnEwChQXx,Equal Sign,j-hope,Jack in the Box,1,1,Philippines,2022,106,114477,K-Pop,0.673,0.75,9,-5.831,1,0.0655,0.0155,5.44E-06,0.348,0.708,105.848,75
0RDqNCRBGrSegk16Avfzuq,Talk that Talk,TWICE,Between 1and2,2,1,Philippines,2022,120,177467,K-Pop,0.772,0.907,3,-2.438,0,0.124,0.136,0,0.334,0.783,119.973,82
72yP0DUlWPyH8P7IoxskwN,Hold Me Closer,Elton John and Britney Spears,Hold Me Closer (Single),3,1,Philippines,2022,126,202246,Pop Rock,0.667,0.75,0,-4.602,1,0.0906,0.0746,0.000198,0.197,0.486,126.041,83
7bJ6jD8vlKDU2lmur1lMjp,far away,Mark Tuan,The Other Side,4,1,Philippines,2022,80,193560,Pop,0.662,0.468,5,-7.86,1,0.0371,0.722,0.00E+00,0.121,0.174,80.002,67
3KQizGrZJKe38VjCO3Muw0,Pop Off Ate (Flexbomb Girls Version),The Cast of Drag Race Philippines,Pop Off Ate (Flexbomb Girls Version) (English),5,1,Philippines,2022,160,223571,Strut Pop,0.656,0.836,5,-4.12,0,0.233,0.00548,5.31E-05,0.0599,0.664,159.941,47
2kDrUAONMhG6CbDGBkhdrY,_WORLD (Ft. Anne-Marie),SEVENTEEN,SECTOR 17,6,1,Philippines,2022,111,178440,K-Pop,0.668,0.85,2,-3.258,0,0.0496,0.271,0.00E+00,0.122,0.821,111.022,62
7EyhPjrJzjx0fk2i7vUJCS,Pink Venom,BLACKPINK,Born Pink,7,1,Philippines,2022,90,186964,K-Pop,0.794,0.719,0,-7.227,1,0.0761,0.0119,0,0.276,0.69,90.016,86
0voRHnUygFkNzMiIxdm4sn,Pop Off Ate (Pink Pussy Energy Version),The Cast of Drag Race Philippines,Pop Off Ate (Pink Pussy Energy Version)(Single),8,1,Philippines,2022,160,223571,Strut Pop,0.653,0.823,5,-4.404,0,0.231,0.00696,1.94E-05,0.0595,0.597,159.982,38
7C7XGphS70fsqDd99h5GuY,Paraya,Vilmark,Paraya (Single),9,1,Philippines,2022,144,317806,Pop,0.461,0.193,8,-11.423,1,0.0295,0.688,7.75E-02,0.12,0.142,144.083,13
0mBP9X2gPCuapvpZ7TGDk3,Left and Right,Charlie Puth and Jung Kook,CHARLIE,10,1,Philippines,2022,101,154487,Pop,0.881,0.592,2,-4.898,1,0.0324,0.619,1.32E-05,0.0901,0.719,101.058,94
3wlLknnMtD8yZ0pCtCeeK4,Angel Baby,Troye Sivan,Angel Baby (Single),11,1,Philippines,2021,72,220780,Pop,0.559,0.559,11,-6.425,1,0.0358,0.0145,0,0.138,0.338,72.498,82
6YjKd9oPXKqjLUVPo4Y0oi,The Ones We Once Loved,BenandBen,The Ones We Once Loved (Single),12,1,Philippines,2022,117,273363,Pop,0.427,0.301,0,-7.845,0,0.0308,0.673,0.00E+00,0.232,0.163,117.241,69
1tLPWvrnepX6TK7RDPoWMa,CITY+++ (Original Soundtrack from the Netflix Film 'Seoul Vibe') [feat. Gaeko],MINO,Seoul Vibe' OST,13,1,Philippines,2022,100,177701,Hip-Hop/Rap,0.788,0.866,9,-4.015,0,0.0689,0.136,0.00E+00,0.0885,0.803,100.021,44
3HlV3eW5V1nmql7xFIkYn8,Nap Fairy,YERI and SAM KIM,Nap Fairy (Single),14,1,Philippines,2022,95,216453,K-Pop,0.585,0.658,3,-4.833,1,0.0317,0.395,0.00E+00,0.162,0.683,94.962,45
6xGruZOHLs39ZbVccQTuPZ,Glimpse of Us,Joji,Glimpse of Us (Single),15,1,Philippines,2022,170,233456,RnB/Soul,0.44,0.317,8,-9.258,1,0.0531,0.891,4.78E-06,0.141,0.268,169.914,96
2WSNUSvp6eObRghn9P99P4,"Woo Young-woo, the Same Backwards and Forwards",Roh Young Sim,Extraordinary Attorney Woo (Original Television Soundtrack) Special,16,1,Philippines,2022,140,115320,Alternative/Indie,0.777,0.389,9,-9.727,1,0.0775,0.869,8.76E-01,0.103,0.864,139.998,37
10SRMwb9EuVS1K9rYsBfHQ,Yet To Come,BTS,Proof,17,1,Philippines,2022,172,193594,K-Pop,0.559,0.885,1,-4.515,1,0.189,0.0432,0.00E+00,0.333,0.683,172.029,86
2q5H4S6vkUdqi7fQPIHthQ,"Pagbigyang Muli (From ""Lyric and Beat, Vol. 2"")",Darren Espanto,"Pagbigyang Muli (From ""Lyric and Beat, Vol. 2"")(Single)",18,1,Philippines,2022,118,293898,Pop,0.632,0.454,4,-8.194,1,0.0307,0.574,0.00E+00,0.2,0.394,117.978,32
1gH1h30wkQdd9zhY3j7a8T,THE SHADE,Rex Orange County,Who Cares?,19,1,Philippines,2022,120,181507,Alternative/Indie,0.898,0.509,5,-7.973,1,0.062,0.391,0.00E+00,0.0876,0.727,119.869,86
3sOEVB8DirQtZc0qhw8lJc,Queen of Hearts,TWICE,Between 1and2,20,1,Philippines,2022,150,186947,K-Pop,0.666,0.847,10,-2.526,0,0.106,0.102,0.00E+00,0.0702,0.815,149.94,72
0xzI1KAr0Yd9tv8jlIk3sn,Bad Decisions,"benny blanco, BTS and Snoop Dogg",Bad Decisions (Single),21,1,Philippines,2022,120,172714,Electropop,0.762,0.861,0,-3.296,1,0.0955,0.0185,0.00E+00,0.264,0.955,120.048,91
4tyEfRWLgYkWQaowoHXoba,Kumpas,Moira Dela Torre,Kumpas (Single),22,1,Philippines,2022,124,268124,Pop,0.545,0.269,5,-11.001,1,0.03,0.883,2.31E-05,0.0944,0.349,124.022,75
0T5iIrXA4p5GsubkhuBIKV,Until I Found You,Stephen Sanchez,Easy on My Eyes EP,23,1,Philippines,2021,101,177720,Alternative/Indie,0.539,0.508,10,-6.05,1,0.0288,0.727,0.00E+00,0.174,0.227,101.358,90
3QwiidVHfeE9y5jl4n2MTC,_WORLD,SEVENTEEN,SECTOR 17,24,1,Philippines,2022,111,178453,K-Pop,0.709,0.809,2,-3.198,0,0.0541,0.312,0.00E+00,0.0899,0.788,111.01,79
2tnM0jqOl6VCopyOa3xLIM,LostandFound,Bright Vachirawit,LostandFound (Single),25,1,Philippines,2022,73,216986,Pop,0.55,0.41,4,-9.927,1,0.0256,0.566,8.92E-02,0.15,0.121,73.101,48
7uAKsykguOnXZSh0WpOW5z,When We Were Kids,TWICE,Between 1and2,26,1,Philippines,2022,137,189347,K-Pop,0.681,0.659,5,-5.143,1,0.0813,0.34,0.00E+00,0.109,0.537,136.968,67
0qnW3Fl1IADc9UKr2FYLK2,Rocking Chair,JAY B,Rocking Chair (Single),27,1,Philippines,2022,143,234893,K-Pop,0.509,0.273,11,-9.806,1,0.0325,0.871,0.00E+00,0.114,0.34,143.079,58
4h4QlmocP3IuwYEj2j14p8,Sunroof,Nicky Youre and Dazy,Sunroof (Single),28,1,Philippines,2021,131,163026,Pop,0.768,0.714,10,-5.11,1,0.0401,0.352,0.00E+00,0.15,0.842,131.443,91
2Gwa9BaLi4qe3tsJ7tFeEE,DI NA,Kurt Fick,DI NA (Single),29,1,Philippines,2022,91,229599,Rock,0.677,0.593,11,-8.731,1,0.0357,0.71,0.00E+00,0.101,0.584,90.977,53
2e7iqtA42EPXTtiiAlblC1,Babalik Sa'yo (from 2 Good 2 Be True),Moira Dela Torre,Babalik Sa'yo (from 2 Good 2 Be True),30,1,Philippines,2022,158,229712,Pop,0.515,0.65,1,-7.798,0,0.093,0.168,0.00E+00,0.33,0.695,157.866,70
63mL1DdcSFfxVJ9XGnSRQz,Basics,TWICE,Between 1and2,31,1,Philippines,2022,138,176973,K-Pop,0.778,0.8,2,-3.529,1,0.227,0.254,0.00E+00,0.139,0.585,137.997,72
3zK4Qy2PChc1AvpWbEVEj9,ILY ILY (feat. Lyca Gairanod),Alamat ,Say U Love Me,32,1,Philippines,2022,95,274000,Pop,0.627,0.737,5,-5.489,0,0.0918,0.0701,1.04E-05,0.109,0.44,94.999,37
5L9eGmPwQnhIlJY1qDQ3OJ,Trouble,TWICE,Between 1and2,33,1,Philippines,2022,123,215400,K-Pop,0.757,0.875,1,-2.65,1,0.126,0.0528,0.00E+00,0.0427,0.571,122.946,69
0tTotZHPsxyjW3jqNJ1td2,Gone,TWICE,Between 1and2,34,1,Philippines,2022,160,195000,K-Pop,0.716,0.799,5,-3.853,0,0.0755,0.327,0.00E+00,0.0576,0.836,159.886,68
0WtM2NBVQNNJLh6scP13H8,Calm Down,Rema and Selena Gomez ,Rave and Roses,35,1,Philippines,2022,107,239318,Pop,0.801,0.806,11,-5.206,1,0.0381,0.382,6.69E-04,0.114,0.802,106.999,78
3FeVmId7tL5YN8B7R3imoM,My Universe,Coldplay X BTS,Music of the Spheres,36,1,Philippines,2021,105,228000,Alternative/Indie,0.588,0.701,9,-6.39,1,0.0402,0.00813,0,0.2,0.443,104.988,83
https://open.spotify.c,Best Day of My Life (Acoustic),American Authors,The Acoustic Guitar Troubadours,37,1,Philippines,2021,100,195373,Pop Rock,0.729,0.857,2,-3.944,1,0.0306,0.179,0.00E+00,0.0877,0.912,99.942,35
5O2P9iiztwhomNh8xkR9lJ,Night Changes,One Direction,Four,38,1,Philippines,2014,120,226000,Pop,0.672,0.52,8,-7.747,1,0.0353,0.859,0.00E+00,0.115,0.37,120.001,86
1e8J3XClxZbFmvIHLI8CE4,IDOL,BTS,Love Yourself: Answer,39,1,Philippines,2018,126,222732,K-Pop,0.733,0.855,9,-3.211,1,0.118,0.00481,0.00E+00,0.123,0.42,126.035,74
3G1aAxWS2Nd17FQs4PWV6X,Run,BTS,Proof,40,1,Philippines,2015,133,236748,K-Pop,0.554,0.878,11,-3.02,0,0.0513,0.00146,0.00E+00,0.0998,0.55,132.896,69
6mzF8HvHdVrzJNd8M1uFCS,Beautiful,Crush,Guardian: The Lonely and Great God OST,41,1,Philippines,2016,110,227584,RnB/Soul,0.416,0.41,10,-6.146,1,0.0292,0.843,0.00E+00,0.107,0.219,110.252,68
2gYj9lubBorOPIVWsTXugG,After LIKE,IVE,After LIKE (Single),42,1,Philippines,2022,125,176973,K-Pop,0.68,0.922,0,-1.215,1,0.121,0.103,0.00E+00,0.0877,0.799,125.014,85
5yR9bGLr8Zz2EndMrthui1,Ring,TOMORROW X TOGETHER,Ring,43,1,Philippines,2022,129,207213,K-Pop,0.448,0.742,7,-4.975,1,0.0629,0.0178,0,0.0377,0.472,129.346,64
4pP5xVUYEZljcmfyYFQXsx,Through the Years (Single Version),Kenny Rogers,Love Songs,44,1,Philippines,1981,131,286067,Pop Rock,0.587,0.393,0,-11.455,1,0.028,0.225,0.00E+00,0.107,0.271,131.266,61
3pCt2wRdBDa2kCisIdHWgF,To the Bone,Pamungkas,Flying Solo,45,1,Philippines,2019,140,344571,RnB/Soul,0.668,0.727,7,-6.55,0,0.027,0.514,1.90E-05,0.1,0.939,139.991,78
4h9wh7iOZ0GGn8QVp4RAOB,I Ain't Worried,OneRepublic,Top Gun: Maverick,46,1,Philippines,2022,140,148486,Pop Rock,0.704,0.797,0,-5.927,1,0.0475,0.0826,0.000745,0.0546,0.825,139.994,93
2oupN96VwNrbONyMtTWGjH,MOON (feat. Flow G),Nik Makino,HYPE ONE'S,47,1,Philippines,2022,129,211776,Hip-Hop/Rap,0.809,0.463,11,-12.8,0,0.154,0.569,0.00E+00,0.0786,0.382,128.963,74
1yvMUkIOTeUNtNWlWRgANS,Unstoppable,Sia,This Is Acting (Deluxe Version),48,1,Philippines,2016,174,217747,Pop,0.468,0.779,9,-4.839,1,0.0779,0.112,3.73E-04,0.101,0.26,173.799,80
4C6Uex2ILwJi9sZXRdmqXp,Super Freaky Girl,Nicki Minaj,Super Freaky Girl (Single),49,1,Philippines,2022,133,170977,Hip-Hop/Rap,0.95,0.891,2,-2.653,1,0.241,0.0645,1.77E-05,0.309,0.912,133.01,89
3Hz3tTQwOdM6XkA0ALB2G9,Feel Special,TWICE,Feel Special,50,1,Philippines,2019,129,206867,K-Pop,0.708,0.959,1,-1.338,1,0.0604,0.0296,1.88E-03,0.107,0.644,128.981,72
7EyhPjrJzjx0fk2i7vUJCS,Pink Venom,BLACKPINK,Born Pink,1,1,Singapore,2022,90,186964,K-Pop,0.794,0.719,0,-7.227,1,0.0761,0.0119,0,0.276,0.69,90.016,86
72yP0DUlWPyH8P7IoxskwN,Hold Me Closer,Elton John and Britney Spears,Hold Me Closer (Single),2,1,Singapore,2022,126,202246,Pop Rock,0.667,0.75,0,-4.602,1,0.0906,0.0746,0.000198,0.197,0.486,126.041,83
0RDqNCRBGrSegk16Avfzuq,Talk that Talk,TWICE,Between 1and2,3,1,Singapore,2022,120,177467,K-Pop,0.772,0.907,3,-2.438,0,0.124,0.136,0,0.334,0.783,119.973,82
4h9wh7iOZ0GGn8QVp4RAOB,I Ain't Worried,OneRepublic,Top Gun: Maverick,4,1,Singapore,2022,140,148486,Pop Rock,0.704,0.797,0,-5.927,1,0.0475,0.0826,0.000745,0.0546,0.825,139.994,93
1oen3GpTcA486fTHaT7neg,FOREVER 1,Girls' Generation,Forever 1,5,1,Singapore,2022,124,205533,K-Pop,0.615,0.871,9,-1.248,1,0.0516,0.0427,0.00E+00,0.254,0.297,123.915,81
7bJ6jD8vlKDU2lmur1lMjp,far away,Mark Tuan,The Other Side,6,1,Singapore,2022,80,193560,Pop,0.662,0.468,5,-7.86,1,0.0371,0.722,0.00E+00,0.121,0.174,80.002,67
2gYj9lubBorOPIVWsTXugG,After LIKE,IVE,After LIKE (Single),7,1,Singapore,2022,125,176973,K-Pop,0.68,0.922,0,-1.215,1,0.121,0.103,0.00E+00,0.0877,0.799,125.014,85
0oWraSo5ASJ0h1BEagTyEw,Hold My Hand,Lady Gaga,Top Gun: Maverick,8,1,Singapore,2022,148,225300,Pop Rock,0.519,0.617,7,-4.287,1,0.0313,0.0387,0.00E+00,0.401,0.222,147.708,82
1ZeVIrCWzEmsJexkrgvjFv,"A Little Happiness (From ""Our Times"")",Hebe Tien,Our Times OST,9,1,Singapore,2015,158,265522,C-Pop,0.519,0.412,0,-8.584,1,0.0365,0.75,0.00E+00,0.101,0.506,157.916,60
3U4isOIWM3VvDubwSI3y7a,All of Me,John Legend,Love in the Future,10,1,Singapore,2013,120,183636,RnB/Soul,0.635,0.736,9,-4.887,1,0.0411,0.0811,0,0.232,0.407,125.988,85
2JzZzZUQj3Qff7wapcbKjc,See You Again (feat. Charlie Puth),Wiz Khalifa,Furious 7: Original Motion Picture Soundtrack and Nine Track Mind (International Bonus Tracks),11,1,Singapore,2015,80,229526,Pop Rap,0.689,0.481,10,-7.503,1,0.0815,0.369,1.03E-06,0.0649,0.283,80.025,81
1u8c2t2Cy7UBoG4ArRcF5g,Blank Space,Taylor Swift,1989,12,1,Singapore,2014,96,231827,Pop,0.76,0.703,5,-5.412,1,0.054,0.103,0,0.0913,0.57,95.997,75
1Yk0cQdMLx5RzzFTYwmuld,Hello,Adele,25,13,1,Singapore,2015,79,295502,RnB/Soul,0.578,0.43,5,-6.134,0,0.0305,0.33,0,0.0854,0.288,78.991,72
5O6yBltlqjGz9vhsxBHNDE,Happy (Oktoberfest Mix),Pharrell Williams,Happy (Oktoberfest Mix) - Single,14,1,Singapore,2014,160,231413,EDM,0.532,0.791,5,-8.019,0,0.0358,0.643,0,0.283,0.974,159.974,29
7qiZfU4dY1lWllzX7mPBI3,Shape of You,Ed Sheeran,÷,15,1,Singapore,2017,96,233713,Pop,0.825,0.652,1,-3.183,0,0.0802,0.581,0,0.0931,0.931,95.977,86
0Cy7wt6IlRfBPHXXjmZbcP,Love Me Like You Do,Ellie Goulding,Fifty Shades of Grey: Original Motion Picture Soundtrack,16,1,Singapore,2015,95,253520,Electropop,0.489,0.597,5,-6.633,0,0.0292,0.27,0,0.105,0.324,95.012,79
34gCuhDGsG4bRPIf9bb02f,Thinking Out Loud,Ed Sheeran,×,17,1,Singapore,2014,79,281560,Pop,0.781,0.445,2,-6.061,1,0.0295,0.474,0,0.184,0.591,78.998,83
1mKXFLRA179hdOWQBwUk9e,Just Give Me a Reason (feat. Nate Ruess),P!nk,Truth About Love,18,1,Singapore,2012,95,242733,Pop Rock,0.788,0.547,2,-7.273,1,0.0489,0.346,0.000302,0.132,0.441,95.002,80
0tgVpDi06FyKpA1z0VMD4v,Perfect,Ed Sheeran,÷,19,1,Singapore,2017,95,263400,Pop,0.599,0.448,8,-6.312,1,0.0232,0.163,0,0.106,0.168,95.05,86
6lanRgr6wXibZr8KgzXxBl,A Thousand Years,Christina Perri,The Twilight Saga: Breaking Dawn — Part 1: Original Motion Picture Soundtrack,20,1,Singapore,2011,139,285120,Pop,0.421,0.407,10,-7.445,1,0.0267,0.309,0.000961,0.11,0.161,139.028,80
7BKLCZ1jbUBVqRi2FVlTVw,Closer (feat. Halsey),The Chainsmokers,Collage,21,1,Singapore,2016,95,244960,Electropop,0.748,0.524,8,-5.599,1,0.0338,0.414,0,0.111,0.661,95.01,84
0cqRj7pUJDkTCEsJkx8snD,Shake It Off,Taylor Swift,1989,22,1,Singapore,2014,160,219200,Pop,0.647,0.8,7,-5.384,1,0.165,0.0647,0,0.334,0.942,160.078,73
5qaEfEh1AtSdrdrByCP7qR,Demons,Imagine Dragons,Night Visions,23,1,Singapore,2012,90,177507,Pop Rock,0.505,0.71,3,-3.015,1,0.0321,0.19,0.00025,0.269,0.428,89.938,74
03UrZgTINDqvnUMbbIMhql,Gangnam Style,PSY,"Psy 6 (Six Rules), Part 1",24,1,Singapore,2012,132,219493,K-Pop,0.727,0.937,11,-2.871,0,0.286,0.00417,0,0.091,0.749,132.067,73
6F5c58TMEs1byxUstkzVeM,Roar,Katy Perry,Prism,25,1,Singapore,2013,90,223546,Pop,0.554,0.772,7,-4.821,0,0.0418,0.00487,6.60E-06,0.354,0.455,179.984,77
6VObnIkLVruX4UVyxWhlqm,Skyfall,Adele,James Bond Themes (2012),26,1,Singapore,2012,76,286480,RnB/Soul,0.346,0.552,0,-6.864,0,0.0282,0.417,0,0.114,0.0789,75.881,75
4rkUEE5iTzG0szS8k8QzqR,Flashlight,Jessie J,Pitch Perfect 2: Original Motion Picture Soundtrack,27,1,Singapore,2015,148,208667,Pop,0.383,0.616,5,-7.118,1,0.0515,0.314,7.21E-06,0.11,0.48,147.625,61
0FDzzruyVECATHXKHFs9eJ,A Sky Full of Stars,Coldplay,Ghost Stories,28,1,Singapore,2014,125,267867,Pop Rock,0.545,0.675,6,-6.474,1,0.0279,0.00617,0.00197,0.209,0.162,124.97,81
32OlwWuMpZ6b0aN2RZOeMS,Uptown Funk (feat. Bruno Mars),Mark Ronson,Uptown Special,29,1,Singapore,2015,115,269667,Pop,0.856,0.609,0,-7.223,1,0.0824,0.00801,8.15E-05,0.0344,0.928,114.988,83
0nrRP2bk19rLc0orkWPQk2,Wake Me Up,Avicii,TRUE,30,1,Singapore,2013,124,247427,EDM,0.532,0.783,2,-5.697,1,0.0523,0.0038,0.0012,0.161,0.643,124.08,86
6RUKPb4LETWmmr3iAEQktW,Something Just Like This,The Chainsmokers and Coldplay,Memories...Do Not Open and Kaleidoscope EP,31,1,Singapore,2017,103,247160,EDM,0.617,0.635,11,-6.769,0,0.0317,0.0498,1.44E-05,0.164,0.446,103.019,84
3bNv3VuUOKgrf5hu3YcuRo,Someone Like You,Adele,21,32,1,Singapore,2011,135,285240,RnB/Soul,0.556,0.319,9,-8.251,1,0.0281,0.893,0,0.0996,0.294,135.187,78
0zmOzthR1eSlpN0IMwzXyV,Despacito (Mandarin Version) [feat. JJ Lin],Luis Fonsi,Despacito (Mandarin Version) [feat. JJ Lin] - Single,33,1,Singapore,2018,89,229333,Reggaeton,0.77,0.679,11,-4.98,0,0.08,0.503,0,0.0774,0.814,88.965,37
5jE48hhRu8E6zBDPRSkEq7,All About That Bass,Meghan Trainor,Title,34,1,Singapore,2015,134,187920,Pop,0.807,0.887,9,-3.726,1,0.0503,0.0573,2.87E-06,0.124,0.961,134.052,73
0nJW01T7XtvILxQgC5J7Wh,When I Was Your Man,Bruno Mars,Unorthodox Jukebox,35,1,Singapore,2012,73,213827,Pop,0.612,0.28,0,-8.648,1,0.0434,0.932,0,0.088,0.387,72.795,85
6Vc5wAMmXdKIAM7WUoEb7N,Say Something,A Great Big World and Christina Aguilera,Is There Anybody Out There?,36,1,Singapore,2014,141,229400,Pop,0.407,0.147,2,-8.822,1,0.0355,0.857,2.89E-06,0.0913,0.0765,141.284,74
0qcr5FMsEO85NAQjrlDRKo,Let It Go,Idina Menzel,Frozen: Original Motion Picture Soundtrack,37,1,Singapore,2013,137,223840,Pop,0.543,0.485,8,-6.85,1,0.0305,0.558,0,0.12,0.371,136.961,74
6WoQzK5Exbfcmow1AoNRkl,If Only,JJ Lin,Genesis,38,1,Singapore,2014,80,298293,C-Pop,0.486,0.424,0,-5.755,1,0.0262,0.617,0.00E+00,0.116,0.286,79.989,59
37R0bQOQj5a7DOqh1TGzvB,One Call Away,Charlie Puth,Nine Track Mind,39,1,Singapore,2016,91,194453,Pop,0.667,0.613,1,-5.353,1,0.0344,0.403,0,0.115,0.47,91.024,66
06KyNuuMOX1ROXRhj787tj,We Don’t Talk Anymore (feat. Selena Gomez),Charlie Puth,Nine Track Mind,40,1,Singapore,2016,100,217707,Pop,0.728,0.563,1,-8.053,0,0.134,0.621,0,0.179,0.352,100.017,69
1HNkqx9Ahdgi1Ixy2xkKkL,Photograph,Ed Sheeran,×,41,1,Singapore,2014,108,258987,Pop,0.614,0.379,4,-10.48,1,0.0476,0.607,0.000464,0.0986,0.201,107.989,84
1WkMMavIMc4JZ8cfMmxHkI,"CAN'T STOP THE FEELING! (Original Song From DreamWorks Animation's ""Trolls"")",Justin Timberlake,Trolls: Original Motion Picture Soundtrack,42,1,Singapore,2016,113,237547,Pop,0.669,0.832,0,-5.721,1,0.0682,0.0106,0,0.0968,0.7,113.035,73
0ug5NqcwcFR2xrfTkc7k8e,Style,Taylor Swift,1989,43,1,Singapore,2014,95,231000,Pop,0.588,0.791,7,-5.595,1,0.0402,0.00245,0.00258,0.118,0.487,94.933,73
5rgy6ghBq1eRApCkeUdJXf,We Are Young (feat. Janelle Monáe),Fun.,Some Nights,44,1,Singapore,2012,92,250627,Pop Rock,0.378,0.638,10,-5.576,1,0.075,0.02,7.66E-05,0.0849,0.735,184.086,74
0azC730Exh71aQlOt9Zj3y,This Is What You Came For,Calvin Harris and Rihanna,This Is What You Came For (Single),45,1,Singapore,2016,124,222160,EDM,0.631,0.927,9,-2.787,0,0.0332,0.199,0.119,0.148,0.465,123.962,81
4rHZZAmHpZrA3iH5zx8frV,Mirrors,Justin Timberlake,The 20/20 Experience,46,1,Singapore,2013,77,484147,RnB/Soul,0.574,0.512,5,-6.664,0,0.0503,0.234,0,0.0946,0.512,76.899,78
3dI59jLoFMjMAyUAyRZnkE,BANG BANG BANG,BIGBANG,MADE,47,1,Singapore,2016,135,220178,K-Pop,0.69,0.843,1,-2.949,1,0.0534,0.0167,0,0.346,0.428,135.01,67
62yJjFtgkhUrXktIoSjgP2,Radioactive,Imagine Dragons,Night Visions,48,1,Singapore,2012,136,186813,Pop Rock,0.448,0.784,9,-3.686,1,0.0627,0.106,0.000108,0.668,0.236,136.245,72
1XGmzt0PVuFgQYYnV2It7A,Payphone (feat. Wiz Khalifa),Maroon 5,Overexposed,49,1,Singapore,2012,110,231173,Pop Rap,0.743,0.752,4,-4.813,1,0.0414,0.0188,0,0.287,0.545,110.015,72
4OSBTYWVwsQhGLF9NHvIbR,Rolling In the Deep,Adele,21,50,1,Singapore,2011,105,228093,RnB/Soul,0.73,0.769,8,-5.114,1,0.0298,0.138,0,0.0473,0.507,104.948,79
7bJ6jD8vlKDU2lmur1lMjp,far away,Mark Tuan,The Other Side,1,1,Thailand,2022,80,193560,Pop,0.662,0.468,5,-7.86,1,0.0371,0.722,0.00E+00,0.121,0.174,80.002,67
7EyhPjrJzjx0fk2i7vUJCS,Pink Venom,BLACKPINK,Born Pink,2,1,Thailand,2022,90,186964,K-Pop,0.794,0.719,0,-7.227,1,0.0761,0.0119,0,0.276,0.69,90.016,86
5uTFZnPELTnuRrFDnLIjFJ,IRREPLACEABLE (feat. The TOYS),F.HERO and YOUNGJAE,IRREPLACEABLE (feat. The TOYS)(Single),3,1,Thailand,2022,166,289157,Hip-Hop/Rap,0.618,0.636,11,-6.748,1,0.328,0.447,0,0.131,0.501,165.929,59
0RDqNCRBGrSegk16Avfzuq,Talk that Talk,TWICE,Between 1and2,4,1,Thailand,2022,120,177467,K-Pop,0.772,0.907,3,-2.438,0,0.124,0.136,0,0.334,0.783,119.973,82
53tgeVRxU2BYwjo3PMq1d9,my name,Mark Tuan,The Other Side,5,1,Thailand,2022,83,150328,Pop,0.729,0.804,10,-7.892,0,0.0986,0.00561,0.000403,0.28,0.4,83.487,50
0qnW3Fl1IADc9UKr2FYLK2,Rocking Chair,JAY B,Rocking Chair (Single),6,1,Thailand,2022,143,234893,K-Pop,0.509,0.273,11,-9.806,1,0.0325,0.871,0.00E+00,0.114,0.34,143.079,58
1fnzWwpiHUxppDQ8EQccvW,imysm,Mark Tuan,The Other Side,7,1,Thailand,2022,80,147786,Pop,0.731,0.397,5,-10.678,1,0.0631,0.093,5.77E-05,0.148,0.498,79.922,48
2tEMbypmvYhf84mzVbhxwZ,NANANA,GOT7,Got7,8,1,Thailand,2022,137,187467,K-Pop,0.706,0.692,5,-4.433,0,0.0277,0.0768,0.00E+00,0.173,0.601,137.006,67
2tnM0jqOl6VCopyOa3xLIM,LostandFound,Bright Vachirawit,LostandFound (Single),9,1,Thailand,2022,73,216986,Pop,0.55,0.41,4,-9.927,1,0.0256,0.566,8.92E-02,0.15,0.121,73.101,48
2gYj9lubBorOPIVWsTXugG,After LIKE,IVE,After LIKE (Single),10,1,Thailand,2022,125,176973,K-Pop,0.68,0.922,0,-1.215,1,0.121,0.103,0.00E+00,0.0877,0.799,125.014,85
3FUAv32u0F64kcaaLRimPr,Wad wi (recall),BOWKYLION,Wad wi (recall) (Single),11,1,Thailand,2022,145,255724,Pop,0.535,0.509,5,-7.701,1,0.0309,0.285,0.00E+00,0.131,0.177,144.829,69
72yP0DUlWPyH8P7IoxskwN,Hold Me Closer,Elton John and Britney Spears,Hold Me Closer (Single),12,1,Thailand,2022,126,202246,Pop Rock,0.667,0.75,0,-4.602,1,0.0906,0.0746,0.000198,0.197,0.486,126.041,83
6oSajHNY08Wz1mpwrWubkP,broken,Mark Tuan,The Other Side,13,1,Thailand,2022,120,146519,Pop,0.686,0.582,4,-7.502,0,0.042,0.0412,1.17E-05,0.218,0.0396,120.113,47
6tHHDLX1jZNzlT4vZmqm5n,lonely,Mark Tuan,The Other Side,14,1,Thailand,2022,155,213180,Pop,0.572,0.692,1,-5.364,0,0.037,0.0075,8.73E-06,0.345,0.176,154.92,46
1dkhx3oH7UVYnWaVCPSQY7,One in a Million,Mark Tuan and Sanjoy ,One in a Million (Single),15,1,Thailand,2021,104,196571,Hip-Hop/Rap,0.512,0.477,2,-8.626,0,0.0656,0.298,0.000107,0.151,0.325,104.217,52
1WxjAWMYO1niMIB5ascmvG,Dto rim (Melt),NONT TANONT,Cigarette Candy and Vanilla Sky,16,1,Thailand,2022,84,247398,Pop,0.652,0.512,9,-7.511,1,0.0283,0.355,0.00E+00,0.134,0.397,84.019,69
0cCf8UpRfjOB7yp1yqzMHM,Chaawp Dtuaa Aehng Dtaawn a Yuu Gap Thuuhr,Billkin,Chaawp Dtuaa Aehng Dtaawn a Yuu Gap Thuuhr,17,1,Thailand,2022,132,222727,Pop,0.57,0.603,8,-6.518,1,0.0353,0.431,0,0.267,0.556,131.673,70
4iA3PrcsOt6bmoXTaDXhf3,Na naa thaawng,JOEY PHUWASIT,Na naa thaawng (Single),18,1,Thailand,2022,130,288923,Pop Rock,0.581,0.652,9,-7.328,1,0.0481,0.545,1.76E-06,0.102,0.363,130.236,66
53Iv4XnDyFKnMXVaiiCcdv,my life,Mark Tuan,The Other Side,19,1,Thailand,2022,123,174991,Pop,0.721,0.371,6,-12.637,0,0.0407,0.895,0,0.113,0.319,122.905,46
3nXA3DRwwXTE6hrQal1kdQ,after hours (Interlude),Mark Tuan,The Other Side,20,1,Thailand,2022,137,120520,Pop,0.533,0.216,1,-11.908,0,0.0324,0.821,2.15E-05,0.11,0.106,136.87,48
1ld6mehnTNzDl5HOy5wXHM,Dto rim (Melt),"DoubleBam, JIXGO and Sarah Salola",Dto rim (Melt) (Single),21,1,Thailand,2022,84,246429,Pop,0.647,0.307,1,-10.14,1,0.0299,0.84,0.00E+00,0.117,0.396,84.03,69
1oen3GpTcA486fTHaT7neg,FOREVER 1,Girls' Generation,Forever 1,22,1,Thailand,2022,124,205533,K-Pop,0.615,0.871,9,-1.248,1,0.0516,0.0427,0.00E+00,0.254,0.297,123.915,81
7CpjsMj6d4PLucxmwUVryL,change up,Mark Tuan,The Other Side,23,1,Thailand,2022,104,198741,Pop,0.745,0.468,6,-9.133,0,0.07,0.39,1.93E-05,0.415,0.476,103.993,48
5K70CN00zLYMVFmA6JcU4s,more,Mark Tuan,The Other Side,24,1,Thailand,2022,139,145078,Pop,0.72,0.652,6,-8.145,1,0.0323,0.0761,2.84E-05,0.135,0.381,138.984,48
4OxVjZYpT5Lzang7jgNsBo,exhausted,Mark Tuan,The Other Side,25,1,Thailand,2022,76,147072,Pop,0.664,0.367,0,-9.855,1,0.0397,0.36,0.00E+00,0.106,0.351,75.972,47
0a4MMyCrzT0En247IhqZbD,Hype Boy,NewJeans,New Jeans,26,1,Thailand,2022,100,179027,K-Pop,0.593,0.935,4,-3.43,0,0.225,0.268,0.00E+00,0.286,0.783,99.976,85
6GDIW3Le2tM0hMWD3pvefH,Thaa Thuuhr Rak Khrai Khohn Neung OST. Buppesanniwat 2,Ink Waruntorn,OST. Buppesanniwat 2,27,1,Thailand,2022,71,246435,Pop,0.229,0.46,3,-9.077,1,0.0319,0.681,1.04E-03,0.182,0.333,71.499,65
0SxQz5uPZ5cAGWzj6MvzrX,Cruel,Jackson Wang,Cruel,28,1,Thailand,2022,79,195020,K-Pop,0.588,0.494,11,-7.129,0,0.0309,0.00137,0.000114,0.156,0.539,78.99,68
1NEBh01Wwtak3R1eCxlwrJ,cha laam chaawp ngap khoon (feat. IIVY B),bonnadol,cha laam chaawp ngap khoon (feat. IIVY B) (Single),29,1,Thailand,2022,95,235790,Pop,0.786,0.419,5,-8.969,0,0.0568,0.227,0,0.131,0.915,95.013,64
277v6ztCVBxeYS6S8EGByp,running away,Mark Tuan,The Other Side,30,1,Thailand,2022,84,132094,Pop,0.763,0.377,1,-9.584,1,0.0558,0.127,0,1.15E-01,0.546,83.976,49
5ug7GuFBWKvmReVUZeHthM,no tears,Mark Tuan,The Other Side,31,1,Thailand,2022,79,142979,Pop,0.538,0.392,7,-11.876,1,0.362,0.133,0.00E+00,0.413,0.303,79.401,48
3altpLtl4cC9K5gHcOgaAP,2 faces,Mark Tuan,The Other Side,32,1,Thailand,2022,140,172265,Pop,0.733,0.453,2,-10.942,1,0.034,0.115,0.00784,0.337,0.658,139.97,46
3altpLtl4cC9K5gHcOgaAP,hard 2 love,Mark Tuan,The Other Side,33,1,Thailand,2022,129,125569,Pop,0.742,0.455,2,-8.792,1,0.0746,0.0236,0,0.104,0.54,129.047,48
32gGg6vpjTGYEwX33PWTlU,Let Me,GOT7,Flight Log: Turbulence,34,1,Thailand,2022,98,201364,K-Pop,0.732,0.659,0,-2.866,1,0.0404,0.358,0,0.0961,0.331,98.015,47
0HYAsQwJIO6FLqpyTeD3l6,Shinunoga E-Wa,Fujii Kaze,HELP EVER HURT NEVER,35,1,Thailand,2022,158,185573,J-Pop,0.6,0.76,6,-6.123,0,0.0451,0.167,4.07E-05,0.189,0.519,158.075,58
03Yp2uEOtPGHQ6E9XSjmyv,Sa Lak Jit (feat. Da Endorphine),Pop Pongkool,Sa Lak Jit,36,1,Thailand,2022,162,264444,Pop Rock,0.544,0.582,11,-6.846,1,0.0375,0.409,4.47E-06,0.342,0.359,162.075,66
661LULseRh1ysyD9tQgfDJ,save me,Mark Tuan,The Other Side,37,1,Thailand,2022,92,192597,Pop,0.6,0.584,5,-7.576,0,0.0346,0.462,0,0.351,0.54,92.018,45
0eikl2vGnzmyoZrR2AUsEz,let u go,Mark Tuan,The Other Side,38,1,Thailand,2022,82,189836,Pop,0.647,0.626,1,-9.906,1,0.0463,0.579,0,0.107,0.327,81.829,47
54WMqBV6C3z0cF0bZMkKPL,last breath,Mark Tuan,The Other Side,39,1,Thailand,2022,95,161684,Pop,0.707,0.546,1,-7.965,1,0.136,0.487,0,0.0826,0.22,95.029,42
7dr94wicpFwDjPyPDV0UIB,imysm,Mark Tuan,imysm (Single),40,1,Thailand,2022,80,147786,Pop,0.731,0.397,5,-10.678,1,0.0631,0.093,5.77E-05,0.148,0.498,79.922,60
5yVY23mMSyDOFnBU2dYiPR,selfish,Mark Tuan,The Other Side,41,1,Thailand,2022,105,174472,Pop,0.628,0.501,10,-9.362,1,0.0371,0.507,1.29E-06,0.135,0.513,105.008,46
6S98WWOttOwzk9BKm9aIrC,only human,Mark Tuan,The Other Side,42,1,Thailand,2022,126,178434,Pop,0.402,0.299,0,-13.489,1,0.0385,0.67,5.92E-05,0.0834,0.221,125.734,47
/3mxpUW41lKJMkUUxR3bI5,at my low,Mark Tuan,The Other Side,43,1,Thailand,2022,85,149378,Pop,0.753,0.448,2,-11.248,1,0.0992,0.479,4.18E-06,0.133,0.519,84.888,48
6JbxkCyeOto3xXjcFalZ3e,Mind Games (feat. Jackson Wang),88rising and MILLI,Head In The Clouds III,44,1,Thailand,2022,100,193252,Hip-Hop/Rap,0.652,0.47,11,-8.412,1,0.036,0.0465,0,0.229,0.32,100.052,60
5n3UhHQI7SHKkhI69u69Yq,Sen Baang Baang,Indigo,Sen Baang Baang,45,1,Thailand,2022,140,271568,Pop,0.632,0.635,4,-7.466,1,0.0419,0.688,0,0.104,0.524,139.99,59
2pIUpMhHL6L9Z5lnKxJJr9,Attention,NewJeans,New Jeans,46,1,Thailand,2022,105,180067,K-Pop,0.811,0.648,10,-3.684,0,0.0368,0.236,0,0.0761,0.695,104.988,86
61faGyAiv8zqm0EUUpRYma,A Yaa A Yuu Leeuy,Tattoo Colour,A Yaa A Yuu Leeuy (Single),47,1,Thailand,2022,138,226087,K-Pop,0.537,0.689,7,-5.506,1,0.0343,0.676,0,0.0808,0.439,137.888,58
0fN27m84ofEpWHGwJ0THYz,Forever Only,JAEHYUN,Forever Only - SM STATION : NCT LAB,48,1,Thailand,2022,90,196120,K-Pop,0.599,0.757,4,-2.728,0,0.126,0.0776,1.59E-06,0.469,0.708,180.017,68
3oBrXFR59oxbYVBJZ6lHG2,last breath,Mark Tuan,last breath (Single),49,1,Thailand,2022,95,161684,Pop,0.707,0.547,1,-7.975,1,0.148,0.486,0,0.0825,0.212,95.029,45
1Y8KxQUmP1xuaF5mNTYE0x,riBBon,BamBam,Ribbon,50,1,Thailand,2021,160,187133,K-Pop,0.7,0.885,6,-3.83,1,0.0483,0.196,0,0.101,0.963,160.002,58
0RDqNCRBGrSegk16Avfzuq,Talk that Talk,TWICE,Between 1and2,1,1,Viet Nam,2022,120,177467,K-Pop,0.772,0.907,3,-2.438,0,0.124,0.136,0,0.334,0.783,119.973,82
72yP0DUlWPyH8P7IoxskwN,Hold Me Closer,Elton John and Britney Spears,Hold Me Closer (Single),2,1,Viet Nam,2022,126,202246,Pop Rock,0.667,0.75,0,-4.602,1,0.0906,0.0746,0.000198,0.197,0.486,126.041,83
7EyhPjrJzjx0fk2i7vUJCS,Pink Venom,BLACKPINK,Born Pink,3,1,Viet Nam,2022,90,186964,K-Pop,0.794,0.719,0,-7.227,1,0.0761,0.0119,0,0.276,0.69,90.016,86
5BBk2cI3rafrFMSEE2zP7W,Em Dau Lam Day,Huong Ly,Em Dau Lam Day (Single),4,1,Viet Nam,2022,129,286197,Pop,0.411,0.438,9,-9.615,0,0.0345,0.902,3.88E-05,0.103,0.337,129.443,17
1yvMUkIOTeUNtNWlWRgANS,Unstoppable,Sia,This Is Acting (Deluxe Version),5,1,Viet Nam,2016,174,217747,Pop,0.468,0.779,9,-4.839,1,0.0779,0.112,3.73E-04,0.101,0.26,173.799,80
2gYj9lubBorOPIVWsTXugG,After LIKE,IVE,After LIKE (Single),6,1,Viet Nam,2022,125,176973,K-Pop,0.68,0.922,0,-1.215,1,0.121,0.103,0.00E+00,0.0877,0.799,125.014,85
3dvkpe9FEekxxgaQtxOHQI,Mat Moc (feat. BMZ),"Pham Nguyen Ngoc, An Nhi and Vanh",Mat Moc (feat. BMZ) - Single,7,1,Viet Nam,2022,168,214293,Pop,0.599,0.727,4,-4.894,1,0.0783,0.668,2.58E-05,0.102,0.697,167.979,18
067J8jL5iPDzVBH0jClJpI,Cham Lai,Vu.,Cham Lai,8,1,Viet Nam,2022,130,223385,Pop Rock,0.59,0.548,5,-8.491,1,0.026,0.837,4.11E-02,0.173,0.552,130.106,56
5QDLhrAOJJdNAmCTJ8xMyW,Dynamite,BTS,Be,9,1,Viet Nam,2020,114,199054,K-Pop,0.746,0.765,6,-4.41,0,0.0993,0.0112,0.00E+00,0.0936,0.737,114.044,86
5hkAuvgkOrd4KpDOlCNsvW,Waiting For You,MONO and Onionn,22,10,1,Viet Nam,2022,150,265000,Hip-Hop/Rap,0.677,0.727,9,-5.304,0,0.0328,0.119,0.00E+00,0.117,0.457,149.986,56
6VXVYATpQXEIoZ97NnWCmn,Vì Anh Dau Có Biet,Madihu and Vu.,Vì Anh Dau Có Biet (Single),11,1,Viet Nam,2022,140,241920,Pop Rap,0.775,0.358,9,-6.473,0,0.0527,0.861,0.00E+00,0.415,0.524,139.982,64
5Sh5CK6GReVbZJqUOnvg0f,"Bài Ka Tuoi Tre (feat. Vu Bui Thu Thuy, Linh Cáo and Mel G)","JGKiD, Emcee L and Krazi Noyze","Bài Ka Tuoi Tre (feat. Vu Bui Thu Thuy, Linh Cáo and Mel G) (Single)",12,1,Viet Nam,2016,78,229682,Hip-Hop/Rap,0.779,0.881,10,-3.793,1,0.28,0.71,0.00E+00,0.0815,0.728,77.503,44
0naPAYMgptWPuM8dNJaVPJ,VU TRU TRONG ANH - DN TEAM REMIX,Hoàng Lan and SINIKE,VU TRU TRONG ANH - DN TEAM REMIX (Single),13,1,Viet Nam,2022,140,59063,EDM,0.819,0.787,7,-3.345,0,0.0479,0.614,5.77E-05,0.154,0.97,140.045,20
1HYzRuWjmS9LXCkdVHi25K,Stay With Me,CHANYEOL and Punch,"Guardian (Original Television Soundtrack), Pt. 1",14,1,Viet Nam,2016,125,192441,K-Pop,0.558,0.526,0,-4.686,0,0.033,0.431,0.00E+00,0.126,0.202,124.709,72
7LVrrX8pkzI9fMF88nGabt,Di Ve Nhà,Den and JustaTee,Di Ve Nhà (Single),15,1,Viet Nam,2020,84,200000,Pop Rap,0.742,0.662,5,-4.651,1,0.0647,0.578,0.00E+00,0.126,0.486,84.006,54
3FeVmId7tL5YN8B7R3imoM,My Universe,Coldplay X BTS,Music of the Spheres,16,1,Viet Nam,2021,105,228000,Alternative/Indie,0.588,0.701,9,-6.39,1,0.0402,0.00813,0,0.2,0.443,104.988,83
2IRMoSVwaDxBw0huQabuKY,Dung Hoi Em,My Tam,Tam 9,17,1,Viet Nam,2017,147,263053,Pop Rock,0.337,0.444,0,-7.053,0,0.032,0.696,2.31E-05,0.127,0.289,147.17,42
2ayIgfvWo3SfYP2pVOr4pC,Gone,ROSÉ,Gone (Single),18,1,Viet Nam,2021,80,207164,K-Pop,0.647,0.377,6,-6.003,1,0.0375,0.594,0.00E+00,0.0768,0.653,79.936,69
39EXZNMxb4RBHlRjnRaOKp,Sweet Night,V,ITAEWON CLASS (Original Television Soundtrack),19,1,Viet Nam,2020,92,214259,K-Pop,0.462,0.339,3,-7.943,1,0.025,0.495,8.15E-06,0.0893,0.149,92.106,74
6GJi4nSZOiTOU2FhsgxWyH,Buoc Qua Nhau,Vu.,Buoc Qua Nhau (Single),20,1,Viet Nam,2021,136,257647,Alternative/Indie,0.541,0.339,1,-6.499,1,0.0268,0.742,1.09E-04,0.186,0.215,135.757,60
0Cy7uOfTjJrmHkNEPBBZxf,Ben Trên Tang Lau,Tang Duy Tan,Ben Trên Tang Lau (Single),21,1,Viet Nam,2022,120,184001,Pop,0.885,0.654,6,-8.959,1,0.109,0.729,3.44E-02,0.146,0.616,120.048,64
0a4MMyCrzT0En247IhqZbD,Hype Boy,NewJeans,New Jeans,22,1,Viet Nam,2022,100,179027,K-Pop,0.593,0.935,4,-3.43,0,0.225,0.268,0.00E+00,0.286,0.783,99.976,85
1oen3GpTcA486fTHaT7neg,FOREVER 1,Girls' Generation,Forever 1,23,1,Viet Nam,2022,124,205533,K-Pop,0.615,0.871,9,-1.248,1,0.0516,0.0427,0.00E+00,0.254,0.297,123.915,81
2AA4UcXp2WRvsU9cyHT6Vy,không mot bài hát nào có the dien ta cam xuc cua em lúc này. (feat. Thanh Bui),Hoàng Thùy Linh,LINK,24,1,Viet Nam,2022,160,240500,Pop,0.523,0.455,5,-8.871,1,0.187,0.438,0.00E+00,0.336,0.227,160.174,60
2pIUpMhHL6L9Z5lnKxJJr9,Attention,NewJeans,New Jeans,25,1,Viet Nam,2022,105,180067,K-Pop,0.811,0.648,10,-3.684,0,0.0368,0.236,0,0.0761,0.695,104.988,86
7Ki0hse0IfXEcXUlpyECbJ,Blue and Grey,BTS,Be,26,1,Viet Nam,2020,122,254950,K-Pop,0.547,0.605,8,-6.755,1,0.0415,0.42,0.00E+00,0.125,0.364,121.953,71
04bm7NsIhRfTlLGDoKMEw8,Có Không Giu Mat Dung Tìm,Truc Nhan,Có Không Giu Mat Dung Tìm (Single),27,1,Viet Nam,2022,132,215909,Pop,0.764,0.614,0,-6.586,1,0.0375,0.603,0.00E+00,0.164,0.502,132.004,58
2cy0YoKwF55W5jL3VIzgm2,Rung Dong,Duong Edward and Vu Khac Anh,Rung Dong (Single),28,1,Viet Nam,2022,130,259009,Pop,0.633,0.414,0,-8.614,1,0.0333,0.425,0.00E+00,0.121,0.192,129.979,52
0Q5VnK2DYzRyfqQRJuUtvi,LOVE DIVE,IVE,LOVE DIVE (Single),29,1,Viet Nam,2022,118,177187,K-Pop,0.703,0.709,1,-4.169,0,0.0433,0.00379,5.43E-05,0.333,0.538,117.941,84
133ocfbXXG4HTk76qgSeUb,We are Bulletproof : The Eternal,BTS,MAP OF THE SOUL : 7,30,1,Viet Nam,2020,84,261543,K-Pop,0.532,0.574,9,-5.225,0,0.0317,0.224,0.00E+00,0.108,0.176,84.044,71
5lWfvmwQdwCfqQQ42Vaqo8,Melô de Lana Del Rey (feat. Master produções) [Reggae Remix],Luciano CDs,Melô de Lana Del Rey (feat. Master produções) [Reggae Remix] (Single0,31,1,Viet Nam,2021,148,277551,Reggae,0.867,0.545,1,-4.524,0,0.0424,0.36,1.37E-03,0.359,0.743,148.061,56
66sBTYlkaiyBwf4fhbIHlZ,Yours,JIN,Jirisan (Original Television Soundtrack) Special,32,1,Viet Nam,2021,72,264840,K-Pop,0.488,0.427,6,-7.383,1,0.0382,0.354,0.00E+00,0.0797,0.157,72.035,74
3sOEVB8DirQtZc0qhw8lJc,Queen of Hearts,TWICE,Between 1and2,33,1,Viet Nam,2022,150,186947,K-Pop,0.666,0.847,10,-2.526,0,0.106,0.102,0.00E+00,0.0702,0.815,149.94,72
4eP8Syl3aBEQw3Jy5Bhq0D,The Truth Untold (feat. Steve Aoki),BTS,Love Yourself ? 'Tear',34,1,Viet Nam,2018,113,242293,K-Pop,0.571,0.422,1,-7.561,0,0.0422,0.374,0.00E+00,0.127,0.169,113.016,70
3AejRjgBsFV4HWHjJmmEP7,loi tam biet chua nói,GREY D and Orange,Huong Mùa Hè,35,1,Viet Nam,2022,113,259115,Pop,0.516,0.254,9,-10.353,1,0.0329,0.858,7.44E-06,0.158,0.255,112.812,57
4RwQ5UUOgphhjBM8zF62RQ,Ném Câu Yêu Vào Không Trung,Hoàng Dung,Ném Câu Yêu Vào Không Trung (Single),36,1,Viet Nam,2022,88,236253,Pop,0.372,0.177,2,-12.56,1,0.0307,0.622,0.00E+00,0.175,0.268,176.658,53
2kDrUAONMhG6CbDGBkhdrY,_WORLD (Ft. Anne-Marie),SEVENTEEN,DISTRICT 17,37,1,Viet Nam,2022,111,178440,K-Pop,0.668,0.85,2,-3.258,0,0.0496,0.271,0.00E+00,0.122,0.821,111.022,62
3bZGGKrMQLDGg18y2QqKFF,See Tình,Hoàng Thùy Linh,See Tình (Single),38,1,Viet Nam,2022,97,185003,Pop,0.846,0.755,0,-5.013,0,0.0378,0.497,9.84E-04,0.0696,0.854,97.009,64
1fYJmgdPV5x44h8UUTH66R,Xin Má Ruoc Dâu (Dj LGH Remix),Dieu Kiên,Xin Má Ruoc Dâu (Dj LGH Remix) (Single),39,1,Viet Nam,2022,140,216799,EDM,0.799,0.94,3,-5.951,0,0.0368,0.11,1.88E-01,0.116,0.945,139.954,28
5IgjP7X4th6nMNDh4akUHb,Under the Influence,Chris Brown,Indigo,40,1,Viet Nam,2019,117,184613,Pop Rap,0.733,0.69,9,-5.529,0,0.0427,0.0635,1.18E-06,0.105,0.31,116.992,89
6zSpb8dQRaw0M1dK8PBwQz,Cold Heart (PNAU Remix),Elton John and Dua Lipa,Cold Heart (PNAU Remix)(Single),41,1,Viet Nam,2021,116,202735,EDM,0.796,0.798,1,-6.312,1,0.0317,0.034,4.19E-05,0.0952,0.942,116.032,89
186NCtNk1tUYS7c2DxgJ7O,Christmas Tree,V,Our Beloved Summer OST Special,42,1,Viet Nam,2021,139,209947,K-Pop,0.437,0.384,5,-8.384,1,0.042,0.699,2.32E-05,0.121,0.181,139.009,77
5RwsmecRXhA9w7YN5oTWit,Nguoi La Thoáng Qua,Nhat Hào,Nguoi La Thoáng Qua (Single),43,1,Viet Nam,2021,120,280149,Pop Rap,0.556,0.384,4,-9.243,0,0.0275,0.705,4.94E-04,0.133,0.213,120.038,36
4QjqFFckmlNsGmnbmzrzvN,Take You Dancing (feat. D.E.P.),Tennebreck,Take You Dancing (feat. D.E.P.) (Single),44,1,Viet Nam,2020,122,192048,EDM,0.978,0.731,10,-5.217,0,0.0533,0.539,4.40E-02,0.0909,0.91,122.022,33
4jjYEB35VfLsMRvQG7JYxY,Hanh Phuc Moi (feat. INFINITY),Vote For 5ive,Hanh Phuc Moi (feat. INFINITY) (Single),45,1,Viet Nam,2022,131,326000,Pop Rap,0.412,0.427,0,-6.087,0,0.047,0.741,0.00E+00,0.0765,0.34,131.206,29
0T5iIrXA4p5GsubkhuBIKV,Until I Found You,Stephen Sanchez,Easy on My Eyes EP,46,1,Viet Nam,2021,101,177720,Alternative/Indie,0.539,0.508,10,-6.05,1,0.0288,0.727,0.00E+00,0.174,0.227,101.358,90
3TSLqZssCoCdDlMhCJ08XW,Still Life,BIGBANG,Still Life (Single),47,1,Viet Nam,2022,118,188369,K-Pop,0.6,0.584,8,-4.457,1,0.034,0.443,0.00E+00,0.6628,0.239,118.06,67
17iGUekw5nFt5mIRJcUm3R,Chúng Ta Cua Hien Tai,Son Tung M-TP,Chúng Ta Cua Hien Tai (Single),48,1,Viet Nam,2020,156,301538,Pop Rap,0.569,0.66,2,-5.268,1,0.0358,0.0675,0.00E+00,0.202,0.497,155.907,61
2z9iLlNBt1aLZUCFgXby97,CÓ CHAC YÊU LÀ DÂY,Son Tung M-TP,CÓ CHAC YÊU LÀ DÂY (Single),49,1,Viet Nam,2020,95,202105,Pop Rap,0.746,0.724,10,-3.976,0,0.0498,0.119,2.09E-05,0.0506,0.596,95.003,53
0TK2YIli7K1leLovkQiNik,Señorita,Shawn Mendes and Camila Cabello,Shawn Mendes and Romance,50,1,Viet Nam,2019,117,190960,Pop,0.759,0.54,9,-6.039,0,0.0287,0.037,0,0.0945,0.75,116.947,81
